NYS PFI,Federal Provider Number,Provider Name,Provider Address,Provider City,Provider State,Provider Zip Code,Provider Phone Number,Provider SSA County Code,Provider County Name,Ownership Type,Number of Certified Beds,Average Number of Residents per Day,Average Number of Residents per Day Footnote,Provider Type,Provider Resides in Hospital,Legal Business Name,Date First Approved to Provide Medicare and Medicaid Services,Continuing Care Retirement Community,Special Focus Status,Abuse Icon,Most Recent Health Inspection More Than 2 Years Ago,Provider Changed Ownership in Last 12 Months,With a Resident and Family Council,Automatic Sprinkler Systems in All Required Areas,Overall Rating,Overall Rating Footnote,Health Inspection Rating,Health Inspection Rating Footnote,QM Rating,QM Rating Footnote,Long-Stay QM Rating,Long-Stay QM Rating Footnote,Short-Stay QM Rating,Short-Stay QM Rating Footnote,Staffing Rating,Staffing Rating Footnote,RN Staffing Rating,RN Staffing Rating Footnote,Reported Staffing Footnote,Physical Therapist Staffing Footnote,Reported Nurse Aide Staffing Hours per Resident per Day,Reported LPN Staffing Hours per Resident per Day,Reported RN Staffing Hours per Resident per Day,Reported Licensed Staffing Hours per Resident per Day,Reported Total Nurse Staffing Hours per Resident per Day,Reported Physical Therapist Staffing Hours per Resident Per Day,Case-Mix Nurse Aide Staffing Hours per Resident per Day,Case-Mix LPN Staffing Hours per Resident per Day,Case-Mix RN Staffing Hours per Resident per Day,Case-Mix Total Nurse Staffing Hours per Resident per Day,Adjusted Nurse Aide Staffing Hours per Resident per Day,Adjusted LPN Staffing Hours per Resident per Day,Adjusted RN Staffing Hours per Resident per Day,Adjusted Total Nurse Staffing Hours per Resident per Day,Rating Cycle 1 Standard Survey Health Date,Rating Cycle 1 Total Number of Health Deficiencies,Rating Cycle 1 Number of Standard Health Deficiencies,Rating Cycle 1 Number of Complaint Health Deficiencies,Rating Cycle 1 Health Deficiency Score,Rating Cycle 1 Number of Health Revisits,Rating Cycle 1 Health Revisit Score,Rating Cycle 1 Total Health Score,Rating Cycle 2 Standard Health Survey Date,Rating Cycle 2 Total Number of Health Deficiencies,Rating Cycle 2 Number of Standard Health Deficiencies,Rating Cycle 2 Number of Complaint Health Deficiencies,Rating Cycle 2 Health Deficiency Score,Rating Cycle 2 Number of Health Revisits,Rating Cycle 2 Health Revisit Score,Rating Cycle 2 Total Health Score,Rating Cycle 3 Standard Health Survey Date,Rating Cycle 3 Total Number of Health Deficiencies,Rating Cycle 3 Number of Standard Health Deficiencies,Rating Cycle 3 Number of Complaint Health Deficiencies,Rating Cycle 3 Health Deficiency Score,Rating Cycle 3 Number of Health Revisits,Rating Cycle 3 Health Revisit Score,Rating Cycle 3 Total Health Score,Total Weighted Health Survey Score,Number of Facility Reported Incidents,Number of Substantiated Complaints,Number of Citations from Infection Control Inspections,Number of Fines,Total Amount of Fines in Dollars,Number of Payment Denials,Total Number of Penalties,Location,Processing Date
1605,335570,AMSTERDAM NURSING HOME CORP (1992),1060 AMSTERDAM AVENUE,NEW YORK,NY,10025,2123167700,420,New York,Non profit - Corporation,409,323.3,,Medicare and Medicaid,N,AMSTERDAM NURSING HOME CORPORATION (1992),11/12/76,N,,N,N,N,Both,Yes,4,,3,,5,,5,,5,,3,,4,,,,2.51733,0.31226,0.96942,1.28168,3.799,0.0602,2.23818,0.80654,0.40804,3.45275,2.32034,0.28683,0.93627,3.5187,6/7/19,4,2,0,16,1,0,16,5/31/18,5,5,0,32,1,0,32,1/18/17,3,1,2,24,1,0,24,22.667,0,1,2,1,3250,0,1,"1060 AMSTERDAM AVENUE,NEW YORK,NY,10025",2/1/21
1430,335720,ATRIUM CENTER FOR REHABILITATION AND NURSING,630 E 104TH STREET,BROOKLYN,NY,11236,7182403100,331,Kings,For profit - Corporation,380,329.9,,Medicare and Medicaid,N,RIVER MANOR CORP.,8/6/92,N,,N,N,N,Both,Yes,5,,5,,5,,5,,3,,1,,1,,,,1.95791,0.73774,0.3764,1.11413,3.07205,0.06217,2.23499,0.94344,0.5337,3.71213,1.80727,0.57934,0.27793,2.64656,3/11/20,1,1,0,4,1,0,4,7/12/18,0,0,0,0,0,0,0,7/21/17,2,1,1,8,1,0,8,3.333,0,1,0,0,0,0,0,"630 E 104TH STREET,BROOKLYN,NY,11236",2/1/21
1227,335373,BAINBRIDGE NURSING & REHABILITATION CENTER,3518 BAINBRIDGE AVENUE,BRONX,NY,10467,7186551991,20,Bronx,For profit - Limited Liability company,200,183,,Medicare and Medicaid,N,BAINBRIDGE NURSING AND REHABILITATION CENTER,7/1/79,N,,N,N,N,Resident,Yes,5,,5,,5,,5,,5,,2,,2,,,,2.10489,0.57554,0.48584,1.06138,3.16627,0.10015,2.04301,0.86151,0.48728,3.3918,2.12552,0.49495,0.39292,2.98536,9/14/20,1,1,0,4,1,0,4,11/1/18,1,0,1,4,0,0,4,6/7/17,0,0,0,0,0,0,0,3.333,0,1,0,0,0,0,0,"3518 BAINBRIDGE AVENUE,BRONX,NY,10467",2/1/21
3401,335682,BEACH GARDENS REHAB AND NURSING CENTER,17 11 BROOKHAVEN AVENUE,FAR ROCKAWAY,NY,11691,7188698037,590,Queens,For profit - Corporation,163,107.9,,Medicare and Medicaid,N,HENDON GARDEN CENTER LLC,7/24/85,N,,N,N,N,Both,Yes,4,,4,,4,,5,,2,,4,,3,,,,3.09593,0.71368,0.76609,1.47978,4.57571,0.08863,2.03594,0.83638,0.43483,3.30715,3.13714,0.63219,0.69431,4.42469,3/14/19,2,2,0,12,1,0,12,6/20/17,2,2,0,8,1,0,8,5/16/16,5,5,0,24,1,0,24,12.667,0,0,0,0,0,0,0,"17 11 BROOKHAVEN AVENUE,FAR ROCKAWAY,NY,11691",2/1/21
1736,335726,BEACON REHABILITATION AND NURSING CENTER,140 BEACH 113TH STREET,ROCKAWAY PARK,NY,11694,7189456350,590,Queens,For profit - Corporation,120,82,,Medicare and Medicaid,N,"OPOP, LLC",2/5/92,N,,N,N,N,Resident,Yes,5,,5,,4,,4,,4,,3,,3,,,,2.2217,0.95085,0.71886,1.66972,3.89141,0.11514,2.24131,0.92525,0.5401,3.70665,2.04498,0.76138,0.52452,3.3574,7/12/19,1,0,1,4,0,0,4,10/16/17,1,1,0,4,1,0,4,9/8/16,0,0,0,0,0,0,0,3.333,0,1,0,0,0,0,0,"140 BEACH 113TH STREET,ROCKAWAY PARK,NY,11694",2/1/21
1409,335626,BEDFORD CENTER FOR NURSING AND REHABILITATION,40 HEYWARD STREET,BROOKLYN,NY,11249,7188586200,331,Kings,For profit - Limited Liability company,200,184.2,,Medicare and Medicaid,N,WILLIAMSBURG SERVICES LLC,8/14/78,N,,N,N,N,Both,Yes,3,,2,,5,,5,,5,,3,,3,,,,3.08535,0.82926,0.88479,1.71406,4.79941,0.07013,2.22482,0.92589,0.62621,3.77692,2.86099,0.66356,0.55681,4.06376,2/27/20,4,4,0,28,1,0,28,11/9/18,7,7,0,28,1,0,28,2/6/17,3,3,0,12,1,0,12,25.333,0,0,0,0,0,0,0,"40 HEYWARD STREET,BROOKLYN,NY,11249",2/1/21
1406,335558,BENSONHURST CENTER FOR REHAB AND HEALTHCARE,1740 84TH STREET,BROOKLYN,NY,11214,7182323666,331,Kings,For profit - Limited Liability company,200,178.4,,Medicare and Medicaid,N,"KFG OPERATING TWO, LLC",10/1/75,N,,N,N,N,Both,Yes,3,,2,,5,,5,,4,,2,,2,,,,2.04852,0.59849,0.9041,1.50259,3.55111,0.11688,2.31782,1.10253,0.89093,4.31128,1.82334,0.40217,0.39991,2.63412,2/19/20,9,9,0,56,1,0,56,6/19/18,0,0,0,0,0,0,0,12/1/16,0,0,0,0,0,0,0,28,0,0,0,0,0,0,0,"1740 84TH STREET,BROOKLYN,NY,11214",2/1/21
1218,335201,BETH ABRAHAM CENTER FOR REHABILITATION AND NURSING,612 ALLERTON AVENUE,BRONX,NY,10467,7185194125,20,Bronx,For profit - Corporation,448,417.6,,Medicare and Medicaid,N,ABRAHAM OPERATIONS ASSOCIATES LLC,3/20/67,N,,N,N,N,Resident,Yes,2,,2,,5,,5,,5,,1,,1,,,,2.13258,1.00714,0.35259,1.35974,3.49232,0.10688,2.07431,0.83474,0.47185,3.3809,2.12099,0.89389,0.29448,3.30338,5/3/19,7,5,2,36,1,0,36,7/11/17,9,8,1,44,1,0,44,4/15/16,0,0,0,0,0,0,0,32.667,2,1,0,0,0,0,0,"612 ALLERTON AVENUE,BRONX,NY,10467",2/1/21
3156,335666,BEZALEL REHABILITATION AND NURSING CENTER,29 38 FAR ROCKAWAY BLVD,FAR ROCKAWAY,NY,11691,7184712600,590,Queens,Non profit - Corporation,120,96.5,,Medicare and Medicaid,N,BEZALEL NURSING HOME COMPANY,10/1/83,N,,N,N,N,None,Yes,2,,2,,4,,4,,5,,2,,2,,,,2.24183,0.61817,0.55047,1.16864,3.41047,0.1563,2.18449,0.85786,0.47726,3.51961,2.11719,0.53387,0.45454,3.09883,6/17/19,9,9,0,52,1,0,52,9/14/17,3,3,0,12,1,0,12,6/30/16,2,2,0,4,1,0,4,30.667,1,0,0,0,0,0,0,"29 38 FAR ROCKAWAY BLVD,FAR ROCKAWAY,NY,11691",2/1/21
1403,335470,BORO PARK CENTER FOR REHABILITATION AND HEALTHCARE,4915 10TH AVE,BROOKLYN,NY,11219,7188513700,331,Kings,For profit - Limited Liability company,510,433.8,,Medicare and Medicaid,N,BORO PARK OPERATING CO LLC,3/1/76,N,,N,N,N,Resident,Yes,4,,3,,5,,4,,5,,3,,3,,,,2.68906,0.61846,0.86279,1.48125,4.17031,0.08887,2.38171,0.99275,0.53301,3.90748,2.32926,0.46155,0.63791,3.41311,7/26/19,3,1,0,28,1,0,28,9/18/17,3,1,2,12,1,0,12,7/15/16,0,0,0,0,0,0,0,18,1,0,2,0,0,0,0,"4915 10TH AVE,BROOKLYN,NY,11219",2/1/21
1673,335327,BRIDGE VIEW NURSING HOME,143 10 20TH AVE,WHITESTONE,NY,11357,7189611212,590,Queens,For profit - Corporation,200,167.8,,Medicare and Medicaid,N,"BRIDGE VIEW NURSING HOME, INC.",5/16/71,N,,N,N,N,Resident,Yes,2,,2,,3,,2,,3,,2,,2,,,,2.1126,0.60192,0.45461,1.05653,3.16913,0.13957,1.90515,0.76588,0.39194,3.06297,2.28768,0.58227,0.4571,3.30884,9/22/20,0,0,0,0,0,0,0,9/27/18,10,10,0,64,1,0,64,7/19/17,9,5,4,40,1,0,40,28,1,2,0,0,0,0,0,"143 10 20TH AVE,WHITESTONE,NY,11357",2/1/21
1251,335506,BRONX CENTER FOR REHABILITATION & HEALTH CARE,1010 UNDERHILL AVE,BRONX,NY,10472,7188636700,20,Bronx,For profit - Corporation,200,187.1,,Medicare and Medicaid,N,BRONX CENTER FOR REHABILITATION AND HEALTH CARE,7/1/77,N,,N,Y,N,Both,Yes,2,,2,,5,,5,,4,,1,,1,,,,2.21656,0.92101,0.35159,1.2726,3.48915,0.10385,2.28373,0.88568,0.48396,3.65336,2.00236,0.77043,0.2863,3.05426,1/10/19,5,5,0,20,1,0,20,5/9/17,8,8,0,52,1,0,52,2/29/16,6,4,2,24,1,0,24,31.333,3,0,0,0,0,0,0,"1010 UNDERHILL AVE,BRONX,NY,10472",2/1/21
4887,335775,BRONX GARDENS REHABILITATION AND NURSING CENTER,2175 QUARRY RD,BRONX,NY,10457,7189603910,20,Bronx,For profit - Partnership,199,180.1,,Medicare and Medicaid,N,SBNH ACQUISITION LLC,5/2/94,N,,N,N,N,None,Yes,4,,3,,5,,5,,5,,2,,2,,,,2.32603,0.68816,0.83639,1.52455,3.85058,0.02625,2.14962,1.01485,0.73226,3.89672,2.23234,0.50238,0.45013,3.16012,9/30/20,2,1,1,8,1,0,8,8/16/18,3,3,0,28,1,0,28,1/26/17,5,5,0,20,1,0,20,16.667,0,1,1,0,0,0,0,"2175 QUARRY RD,BRONX,NY,10457",2/1/21
1246,335358,BRONX PARK REHABILITATION & NURSING CENTER,3845 CARPENTER AVE,BRONX,NY,10467,7187981100,20,Bronx,For profit - Corporation,240,200.3,,Medicare and Medicaid,N,WHITE PLAINS NURSING HOME INC,8/27/72,N,,N,N,N,Both,Yes,5,,5,,5,,4,,5,,1,,1,,,,1.85954,0.55017,0.31269,0.86285,2.72239,0.03859,2.26385,1.07615,0.60566,3.94566,1.69459,0.37876,0.20346,2.20652,8/29/19,0,0,0,0,0,0,0,9/28/17,2,2,0,8,1,0,8,7/8/16,3,3,0,12,1,0,12,4.667,1,0,0,0,0,0,0,"3845 CARPENTER AVE,BRONX,NY,10467",2/1/21
4501,335753,BRONXCARE SPECIAL CARE CENTER,1265 FULTON AVENUE,BRONX,NY,10456,7185797000,20,Bronx,Non profit - Corporation,240,224.5,,Medicare and Medicaid,N,BRONXCARE SPECIAL CARE CENTER,9/13/91,N,,N,N,N,Both,Yes,4,,4,,2,,2,,2,,,12,,12,,,2.09565,0.53727,0.48469,1.02196,3.11762,0.0572,1.91137,0.75589,0.38808,3.05534,2.26194,0.5266,0.4922,3.26318,10/28/20,3,2,0,12,1,0,12,11/30/18,0,0,0,0,0,0,0,2/3/17,2,2,0,12,1,0,12,8,0,0,1,0,0,0,0,"1265 FULTON AVENUE,BRONX,NY,10456",2/1/21
1703,335582,BROOKHAVEN REHAB & HEALTH CARE CENTER L L C,250 BEACH 17TH STREET,FAR ROCKAWAY,NY,11691,7184717500,590,Queens,For profit - Corporation,298,254.5,,Medicare and Medicaid,N,BROOKHAVEN REHABILITATION AND HEALTH CARE CENTER LLC,1/1/77,N,,N,N,N,Resident,Yes,3,,3,,4,,5,,2,,2,,3,,,,1.92864,0.26878,0.74267,1.01144,2.94009,0.0553,1.97435,0.82706,0.4671,3.2685,2.01527,0.24077,0.62658,2.87666,6/4/19,4,4,0,16,1,0,16,1/3/18,3,3,0,16,1,0,16,9/26/16,3,3,0,16,1,0,16,16,1,0,0,0,0,0,0,"250 BEACH 17TH STREET,FAR ROCKAWAY,NY,11691",2/1/21
1395,335178,BROOKLYN CTR FOR REHAB AND RESIDENTIAL HEALTH CARE,170 BUFFALO AVENUE,BROOKLYN,NY,11213,7182529800,331,Kings,For profit - Partnership,215,113.3,,Medicare and Medicaid,N,Legal Business Name Not Available,1/1/67,N,,N,N,N,Resident,Yes,4,,3,,5,,5,,4,,3,,3,,,,2.99417,0.99173,0.82257,1.8143,4.80847,0.15408,2.1193,0.96304,0.52691,3.60925,2.91467,0.76295,0.61521,4.26056,3/14/19,6,6,0,32,1,0,32,5/8/17,2,2,0,0,1,0,0,2/22/16,4,4,0,16,1,0,16,18.667,0,0,0,0,0,0,0,"170 BUFFALO AVENUE,BROOKLYN,NY,11213",2/1/21
7069,335070,BROOKLYN GARDENS NURSING & REHABILITATION CENTER,835 HERKIMER STREET,BROOKLYN,NY,11233,7182212600,331,Kings,Non profit - Corporation,240,202.7,,Medicare and Medicaid,N,PROVIDENCE CARE INC,1/1/67,N,,N,N,N,Both,Yes,3,,3,,4,,5,,3,,2,,2,,,,2.35701,0.91654,0.51328,1.42982,3.78683,0.0649,2.10303,0.85329,0.50208,3.4584,2.31218,0.79579,0.40288,3.50169,11/9/20,4,4,0,16,1,0,16,10/11/18,7,7,0,32,1,0,32,5/26/17,2,1,1,8,1,0,8,20,3,0,0,0,0,0,0,"835 HERKIMER STREET,BROOKLYN,NY,11233",2/1/21
277,335637,BROOKLYN QUEENS NURSING HOME,2749 LINDEN BLVD,BROOKLYN,NY,11208,7182775100,331,Kings,For profit - Corporation,140,131.3,,Medicare and Medicaid,N,BROOKLYN QUEENS NURSING HOME INC,2/1/80,N,,N,N,N,Resident,Yes,1,,2,,4,,5,,3,,1,,1,,,,1.98376,0.60738,0.33206,0.93944,2.92319,0.10909,2.09663,0.97336,0.56724,3.63723,1.95197,0.4623,0.2307,2.57018,9/13/19,9,9,0,44,1,0,44,2/15/18,1,1,0,4,1,0,4,10/7/16,6,6,0,32,1,0,32,28.667,0,0,0,0,0,0,0,"2749 LINDEN BLVD,BROOKLYN,NY,11208",2/1/21
1368,335604,BROOKLYN UNITED METHODIST CHURCH HOME,1485 DUMONT AVENUE,BROOKLYN,NY,11208,7188274500,331,Kings,Non profit - Corporation,120,94.6,,Medicare and Medicaid,N,BROOKLYN UNITED METHODIST CHURCH HOME,8/1/77,N,,N,N,N,Resident,Yes,5,,4,,5,,4,,5,,2,,2,,,,2.11405,0.65022,0.52738,1.1776,3.29166,0.05869,2.08768,0.75748,0.45916,3.30432,2.0891,0.63597,0.45264,3.18574,6/13/19,3,2,1,12,1,0,12,7/28/17,1,1,0,4,1,0,4,5/2/16,2,0,2,16,0,0,16,10,0,3,1,0,0,0,0,"1485 DUMONT AVENUE,BROOKLYN,NY,11208",2/1/21
6248,335826,BUENA VIDA REHAB AND NURSING CENTER,48 CEDAR STREET,BROOKLYN,NY,11221,7184556200,331,Kings,Non profit - Corporation,240,195.2,,Medicare and Medicaid,N,BUENA VIDA SNF LLC,3/9/01,N,,N,N,N,Both,Yes,4,,4,,5,,5,,5,,1,,1,,,,2.07714,0.76614,0.38267,1.14881,3.22595,0.08141,2.1304,0.88556,0.5168,3.53276,2.01146,0.64097,0.2918,2.92026,5/13/19,5,5,0,24,1,0,24,8/11/17,1,0,1,4,0,0,4,5/20/16,1,1,0,4,1,0,4,14,1,0,0,0,0,0,0,"48 CEDAR STREET,BROOKLYN,NY,11221",2/1/21
4037,335703,BUSHWICK CENTER FOR REHABILITATION AND HEALTH CARE,50 SHEFFIELD AVENUE,BROOKLYN,NY,11207,7183452273,331,Kings,For profit - Corporation,225,217.6,,Medicare and Medicaid,N,WARTBURG RECEIVER LLC,1/1/89,N,,N,Y,N,Resident,Yes,2,,2,,4,,5,,2,,2,,2,,,,2.53134,0.86104,0.65772,1.51876,4.0501,0.28817,2.2081,0.99272,0.56934,3.77016,2.36504,0.6426,0.45526,3.43545,1/18/19,3,2,1,28,1,0,28,3/8/17,6,6,0,28,1,0,28,1/22/16,3,3,0,12,1,0,12,25.333,0,0,1,0,0,0,0,"50 SHEFFIELD AVENUE,BROOKLYN,NY,11207",2/1/21
3948,335165,CARING FAMILY NURSING AND REHABILITATION CENTER,22-41 NEW HAVEN AVENUE,FAR ROCKAWAY,NY,11691,7184713400,590,Queens,For profit - Individual,183,152.3,,Medicare and Medicaid,N,NEW SURFSIDE NURSING HOME LLC,1/1/67,N,,N,Y,N,Resident,Yes,4,,4,,4,,4,,,2,2,,3,,,,1.66539,0.26491,0.56489,0.8298,2.49519,0.04054,1.92254,0.77943,0.4318,3.13378,1.78709,0.2518,0.51555,2.54632,12/21/18,5,5,0,16,1,0,16,3/13/17,3,3,0,12,1,0,12,1/29/16,0,0,0,0,0,0,0,12,0,0,0,0,0,0,0,"22-41 NEW HAVEN AVENUE,FAR ROCKAWAY,NY,11691",2/1/21
1755,335455,CARMEL RICHMOND HEALTHCARE AND REHAB CENTER,88 OLD TOWN ROAD,STATEN ISLAND,NY,10304,7189795000,610,Richmond,Non profit - Corporation,300,246.9,,Medicare and Medicaid,N,CARMEL RICHMOND NURSING HOME INC,1/1/76,N,,N,N,N,Both,Yes,5,,4,,5,,5,,5,,2,,2,,,,2.11283,0.48944,0.59398,1.08341,3.19624,0.06155,2.23212,0.82803,0.50786,3.568,1.95278,0.43792,0.46091,2.86478,10/9/19,3,2,0,16,1,0,16,2/27/18,0,0,0,0,0,0,0,10/17/16,1,1,0,4,1,0,4,8.667,0,0,1,0,0,0,0,"88 OLD TOWN ROAD,STATEN ISLAND,NY,10304",2/1/21
5567,335780,CASA PROMESA,308 EAST 175 STREET,BRONX,NY,10457,7189607603,20,Bronx,Non profit - Corporation,108,85.5,,Medicare and Medicaid,N,"PROMESA RESIDENTIAL HEALTH CARE FACILITY, INC.",3/17/95,N,SFF Candidate,N,N,N,Resident,Yes,2,,1,,4,,4,,,2,4,,3,,,,2.19069,1.03839,0.43682,1.47521,3.6659,0.00922,1.43369,0.59362,0.28394,2.31126,3.15234,1.29598,0.60626,5.07237,11/26/19,9,6,3,177,2,89,266,3/7/18,0,0,0,0,0,0,0,10/17/16,1,1,0,4,1,0,4,133.667,1,0,3,1,13484,0,1,"308 EAST 175 STREET,BRONX,NY,10457",2/1/21
1380,335245,"CATON PARK REHAB AND NURSING CENTER, L L C",1312 CATON AVENUE,BROOKLYN,NY,11226,7186937000,331,Kings,For profit - Individual,119,93.6,,Medicare and Medicaid,N,CATON PARK REHABILITATION AND NURSING,8/21/68,N,,N,N,N,Resident,Yes,5,,5,,3,,5,,1,,2,,2,,,,2.20313,0.7159,0.53114,1.24704,3.45017,0.1124,2.14195,0.85676,0.4694,3.46812,2.12195,0.61907,0.44591,3.18144,12/6/19,1,1,0,4,1,0,4,3/28/18,1,1,0,4,1,0,4,10/31/16,0,0,0,0,0,0,0,3.333,0,0,0,0,0,0,0,"1312 CATON AVENUE,BROOKLYN,NY,11226",2/1/21
1715,335631,CHAPIN HOME FOR THE AGING,165 01 CHAPIN PARKWAY,JAMAICA,NY,11432,7187392523,590,Queens,Non profit - Corporation,220,121.5,,Medicare and Medicaid,N,CHAPIN HOME FOR THE AGING,2/1/79,N,,N,N,N,Resident,Yes,4,,3,,3,,4,,3,,4,,4,,,,2.79594,0.53433,0.99761,1.53194,4.32788,0.06797,2.09021,0.75717,0.42394,3.27132,2.75959,0.52284,0.92735,4.23088,10/1/19,8,6,2,32,1,0,32,5/1/18,1,0,1,4,0,0,4,11/2/16,0,0,0,0,0,0,0,17.333,1,1,2,0,0,0,0,"165 01 CHAPIN PARKWAY,JAMAICA,NY,11432",2/1/21
1676,335349,CLIFFSIDE REHAB & RESIDENTIAL HEALTH CARE CENTER,119 - 19 GRAHAM COURT,FLUSHING,NY,11354,7188860700,590,Queens,For profit - Corporation,218,168.3,,Medicare and Medicaid,N,CLIFFSIDE NURSING HOME INC,12/1/74,N,,N,N,N,Resident,Yes,5,,5,,3,,4,,3,,3,,3,,,,2.66623,1.15964,0.92076,2.0804,4.74663,0.09023,2.2549,0.85663,0.71297,3.8245,2.43936,1.00295,0.50894,3.96907,10/9/20,0,0,0,0,0,0,0,11/9/18,0,0,0,0,0,0,0,1/31/17,3,3,0,20,1,0,20,3.333,0,0,0,0,0,0,0,"119 - 19 GRAHAM COURT,FLUSHING,NY,11354",2/1/21
1750,335239,"CLOVE LAKES HEALTH CARE AND REHAB CENTER, INC",25 FANNING STREET,STATEN ISLAND,NY,10314,7182897900,610,Richmond,For profit - Corporation,576,303.5,,Medicare and Medicaid,N,CLOVE LAKES HEALTH CARE AND REHABILITATION CENTER INC.,6/25/69,N,,N,N,N,Both,Yes,5,,4,,5,,5,,4,,4,,4,,,,2.67525,0.7346,1.03136,1.76596,4.44121,0.11411,2.22209,0.8781,0.50087,3.60106,2.48376,0.6198,0.81147,3.94411,1/23/20,5,5,0,24,1,0,24,4/23/18,0,0,0,0,0,0,0,12/12/16,2,2,0,8,1,0,8,13.333,0,0,0,0,0,0,0,"25 FANNING STREET,STATEN ISLAND,NY,10314",2/1/21
1381,335174,COBBLE HILL HEALTH CENTER INC,380 HENRY STREET,BROOKLYN,NY,11201,7188556789,331,Kings,Non profit - Corporation,364,257,,Medicare and Medicaid,N,COBBLE HILL HEALTH CENTER INC.,1/1/67,N,,N,N,N,Resident,Yes,3,,2,,5,,5,,5,,2,,2,,,,2.59988,0.50609,0.65243,1.15852,3.7584,0.04422,2.05126,0.87128,0.50729,3.42983,2.6148,0.43035,0.50684,3.50436,5/14/19,11,11,0,56,1,0,56,7/28/17,1,0,1,4,0,0,4,4/29/16,1,1,0,8,1,0,8,30.667,1,0,0,0,0,0,0,"380 HENRY STREET,BROOKLYN,NY,11201",2/1/21
1600,335063,COLER REHABILITATION AND NURSING CARE CENTER,900 MAIN ST,ROOSEVELT ISLAND,NY,10044,2128486000,420,New York,Government - City,815,505,,Medicare and Medicaid,N,NEW YORK CITY HEALTH AND HOSPITALS CORPORATION,7/1/70,N,,N,N,N,Both,Yes,4,,2,,5,,5,,4,,5,,5,,,,2.89692,0.58971,1.01755,1.60726,4.50419,0.0436,2.06805,0.73997,0.37561,3.18364,2.8899,0.59043,1.06759,4.5245,11/20/19,10,7,2,52,1,0,52,2/28/18,3,3,0,12,1,0,12,11/23/16,0,0,0,0,0,0,0,30,0,2,3,0,0,0,0,"900 MAIN ST,ROOSEVELT ISLAND,NY,10044",2/1/21
1404,335538,CONCORD NURSING AND REHABILITATION CENTER,300 MADISON STREET,BROOKLYN,NY,11216,7186367500,331,Kings,Non profit - Corporation,140,130.4,,Medicare and Medicaid,N,"CONCORD NURSING HOME, INC.",7/1/76,N,,N,N,N,Both,Yes,2,,1,,5,,5,,5,,2,,2,,,,1.94431,0.73127,0.68084,1.4121,3.35641,0.12557,2.20911,0.96602,0.76681,3.94194,1.81574,0.56083,0.3499,2.72297,10/21/19,8,6,4,40,1,0,40,8/16/18,8,8,0,64,1,0,64,1/27/17,0,0,0,0,0,0,0,41.333,1,2,2,0,0,0,0,"300 MADISON STREET,BROOKLYN,NY,11216",2/1/21
1253,335493,CONCOURSE REHABILITATION AND NURSING CENTER INC,1072 GRAND CONCOURSE,BRONX,NY,10456,7186814000,20,Bronx,For profit - Corporation,240,197.4,,Medicare and Medicaid,N,CONCOURSE REHAB & NURSING CTR INC,4/1/76,N,,N,N,N,Resident,Yes,4,,3,,5,,5,,4,,,12,,12,6,6,,,,,,,,,,,,,,,8/5/19,5,5,0,16,2,8,24,9/18/17,3,3,0,12,1,0,12,6/30/16,2,1,1,8,1,0,8,17.333,0,1,0,1,650,0,1,"1072 GRAND CONCOURSE,BRONX,NY,10456",2/1/21
1407,335609,CROWN HEIGHTS CENTER FOR NURSING AND REHAB,810 20 ST MARKS AVENUE,BROOKLYN,NY,11213,7184677300,331,Kings,For profit - Corporation,295,231.3,,Medicare and Medicaid,N,"ST. MARKS BROOKLYN ASSOCIATES, LLC",6/16/77,N,,N,N,N,Resident,Yes,3,,2,,5,,5,,5,,2,,2,,,,2.3429,0.64692,0.63446,1.28138,3.62427,0.10641,2.2174,0.93799,0.51156,3.66695,2.1798,0.51097,0.48876,3.16078,10/28/20,5,4,1,20,1,0,20,1/31/19,5,1,4,36,1,0,36,3/30/17,9,9,0,44,1,0,44,29.333,1,2,0,1,7036,0,1,"810 20 ST MARKS AVENUE,BROOKLYN,NY,11213",2/1/21
1709,335446,CYPRESS GARDEN CENTER FOR NURSING AND REHAB,139 66 35TH AVENUE,FLUSHING,NY,11354,7189615300,590,Queens,For profit - Corporation,278,189.2,,Medicare and Medicaid,N,KPRH IV OPERATIONS LLC,7/1/75,N,,N,N,N,Both,Yes,4,,3,,5,,5,,4,,2,,3,,,,2.33547,0.24862,0.83411,1.08273,3.41821,0.08268,2.21426,0.98734,0.54997,3.75157,2.17597,0.18656,0.59769,2.91382,9/23/19,6,6,0,40,1,0,40,12/20/17,2,2,0,8,1,0,8,8/26/16,0,0,0,0,0,0,0,22.667,0,0,0,0,0,0,0,"139 66 35TH AVENUE,FLUSHING,NY,11354",2/1/21
1576,335648,DITMAS PARK CARE CENTER,2107 DITMAS AVENUE,BROOKLYN,NY,11226,7184628100,331,Kings,For profit - Corporation,200,136.1,,Medicare and Medicaid,N,DITMAS PARK REHABILITATION & CARE CENTER LLC,11/23/81,N,,N,N,N,Resident,Yes,5,,4,,5,,5,,5,,3,,3,,,,2.3061,0.60456,0.83927,1.44384,3.74994,0.12123,2.26174,0.89206,0.53863,3.69243,2.1035,0.5021,0.61405,3.2478,8/12/19,1,1,0,4,1,0,4,11/10/17,2,2,0,12,1,0,12,8/11/16,2,2,0,12,1,0,12,8,0,0,0,0,0,0,0,"2107 DITMAS AVENUE,BROOKLYN,NY,11226",2/1/21
1408,335625,DOWNTOWN BROOKLYN NURSING & REHABILITATION CENTER,520 PROSPECT PLACE,BROOKLYN,NY,11238,7186361000,331,Kings,For profit - Corporation,320,260.8,,Medicare and Medicaid,N,PROSPECT ACQUISITION I LLC,6/1/78,N,,N,N,N,Both,Yes,5,,5,,3,,3,,4,,2,,3,,,,2.0142,0.28043,0.75188,1.0323,3.0465,0.06256,2.19458,0.89035,0.51438,3.59931,1.89346,0.23335,0.57604,2.70683,4/22/19,0,0,0,0,0,0,0,6/20/17,0,0,0,0,0,0,0,3/31/16,0,0,0,0,0,0,0,0,0,0,0,0,0,0,0,"520 PROSPECT PLACE,BROOKLYN,NY,11238",2/1/21
7279,335805,DR SUSAN SMITH MCKINNEY NURSING AND REHAB CENTER,594 ALBANY AVENUE,BROOKLYN,NY,11203,7182457000,331,Kings,Government - City/county,320,318.3,,Medicare and Medicaid,N,NEW YORK CITY HEALTH AND HOSPITALS CORPORATION,12/8/97,N,,N,N,N,Both,Yes,3,,2,,4,,5,,3,,5,,5,,,,2.67755,0.71519,0.94954,1.66473,4.34228,0.05518,2.10388,0.74612,0.34756,3.19757,2.62556,0.71017,1.07663,4.34286,12/7/20,0,0,0,0,0,0,0,2/11/19,9,9,0,84,1,0,84,4/6/17,0,0,0,0,0,0,0,28,0,0,0,1,52390,0,1,"594 ALBANY AVENUE,BROOKLYN,NY,11203",2/1/21
1705,335416,DRY HARBOR NURSING HOME,61 35 DRY HARBOR ROAD,MIDDLE VILLAGE,NY,11379,7185654200,590,Queens,For profit - Corporation,360,254.3,,Medicare and Medicaid,N,DRY HARBOR HRF INC,6/1/74,N,,N,N,N,Resident,Yes,5,,4,,5,,4,,5,,3,,4,,,,2.47791,0.40139,0.86688,1.26827,3.74619,0.08141,2.11891,0.81737,0.45884,3.39512,2.41257,0.36383,0.74454,3.52867,1/31/19,4,3,0,12,1,0,12,4/13/17,1,1,0,4,1,0,4,2/12/16,4,4,0,16,1,0,16,10,0,0,1,0,0,0,0,"61 35 DRY HARBOR ROAD,MIDDLE VILLAGE,NY,11379",2/1/21
1277,335723,EAST HAVEN NURSING & REHABILITATION CENTER,2323  EASTCHESTER ROAD,BRONX,NY,10469,7186552848,20,Bronx,For profit - Corporation,200,164.2,,Medicare and Medicaid,N,EAST HAVEN NURSING AND REHABILITATION CENTER,5/1/92,N,,N,N,N,Both,Yes,2,,2,,4,,4,,3,,2,,2,,,,2.18448,0.50012,0.46235,0.96247,3.14695,0.13827,1.9585,0.85574,0.47394,3.28818,2.30107,0.43299,0.38445,3.06064,2/19/20,9,9,0,56,1,0,56,6/27/18,0,0,0,0,0,0,0,1/10/17,5,5,0,28,1,0,28,32.667,0,0,0,0,0,0,0,"2323  EASTCHESTER ROAD,BRONX,NY,10469",2/1/21
1231,335214,EASTCHESTER REHABILITATION AND HEALTH CARE CENTER,2700 EASTCHESTER ROAD,BRONX,NY,10469,7182315550,20,Bronx,For profit - Partnership,200,141.7,,Medicare and Medicaid,N,EASTCHESTER REHABILITATION AND HEALTH CARE CENTER LLC,3/31/67,N,,N,N,N,Both,Yes,3,,3,,5,,5,,5,,1,,1,,,,2.45672,0.83331,0.6406,1.47392,3.93064,0.07426,2.15762,0.94232,0.85313,3.95306,2.34902,0.65517,0.29591,3.17985,3/22/19,1,1,0,4,1,0,4,5/26/17,7,7,0,32,1,0,32,3/16/16,6,3,3,24,1,0,24,16.667,0,2,0,0,0,0,0,"2700 EASTCHESTER ROAD,BRONX,NY,10469",2/1/21
1748,335332,EGER HEALTH CARE AND REHABILITATION CENTER,140 MEISNER AVENUE,STATEN ISLAND,NY,10306,7189791800,610,Richmond,Non profit - Corporation,378,310,,Medicare and Medicaid,N,EGER HEALTH CARE AND REHABILITATION CENTER,9/1/71,N,,N,N,N,Resident,Yes,5,,4,,5,,5,,5,,4,,4,,,,2.68843,0.34936,1.00825,1.35761,4.04604,0.09578,2.22071,0.76074,0.39643,3.37789,2.49754,0.34023,1.00228,3.83056,2/19/20,1,1,0,8,1,0,8,6/18/18,0,0,0,0,0,0,0,12/12/16,5,5,0,20,1,0,20,7.333,0,0,0,0,0,0,0,"140 MEISNER AVENUE,STATEN ISLAND,NY,10306",2/1/21
7745,335814,ELMHURST CARE CENTER INC,100 17  23RD AVENUE,EAST ELMHURST,NY,11369,7182058100,590,Queens,For profit - Corporation,240,163.2,,Medicare and Medicaid,N,"ELMHURST CARE CENTER, INC.",4/20/99,N,,N,N,N,Resident,Yes,4,,4,,4,,5,,4,,3,,3,,,,2.31354,0.61376,0.63661,1.25037,3.5639,0.09532,2.20163,0.82656,0.39885,3.42704,2.1679,0.55014,0.629,3.32571,12/5/19,3,3,0,12,1,0,12,3/28/18,1,1,0,4,1,0,4,10/24/16,7,7,0,32,1,0,32,12.667,0,0,0,0,0,0,0,"100 17  23RD AVENUE,EAST ELMHURST,NY,11369",2/1/21
1678,335146,FAIRVIEW NURSING CARE CENTER INC,69 70 GRAND CENTRAL PARKWAY,FOREST HILLS,NY,11375,7182634600,590,Queens,For profit - Corporation,200,191.1,,Medicare and Medicaid,N,FAIRVIEW NURSING CARE  CENTER INC,9/1/68,N,,N,N,N,Both,Yes,4,,3,,5,,5,,4,,2,,3,,,,2.08082,0.42717,0.98094,1.40811,3.48893,0.07089,2.35427,1.04212,0.53094,3.92734,1.82341,0.30369,0.72809,2.841,4/5/19,8,6,2,40,1,0,40,9/8/17,1,1,0,4,1,0,4,6/17/16,0,0,0,0,0,0,0,21.333,0,2,2,0,0,0,0,"69 70 GRAND CENTRAL PARKWAY,FOREST HILLS,NY,11375",2/1/21
1679,335044,FAR ROCKAWAY CENTER FOR REHABILITATION AND NURSING,13 11 VIRGINA ST,FAR ROCKAWAY,NY,11691,7183272909,590,Queens,For profit - Partnership,100,91.6,,Medicare and Medicaid,N,ROCKAWAY OPERATIONS ASSOCIATES LLC,4/1/73,N,,N,N,N,Resident,Yes,2,,2,,3,,5,,1,,,12,,12,,,1.51022,0.6921,0.30944,1.00154,2.51176,0.21887,1.97216,0.80107,0.42975,3.20298,1.57981,0.64009,0.28376,2.50785,9/23/19,8,8,0,52,1,0,52,1/12/18,5,5,0,20,1,0,20,10/6/16,8,8,0,36,2,18,54,41.667,0,0,0,0,0,0,0,"13 11 VIRGINA ST,FAR ROCKAWAY,NY,11691",2/1/21
1233,335248,FIELDSTON LODGE CARE CENTER,666 KAPPOCK STREET,RIVERDALE,NY,10463,7185491203,20,Bronx,For profit - Corporation,200,148.8,,Medicare and Medicaid,N,FIELDSTON LODGE CARE CENTER,1/3/68,N,,N,N,N,Both,Yes,2,,1,,5,,5,,5,,3,,3,,,,2.30183,0.60525,1.07448,1.67973,3.98156,0.12139,2.23897,1.00641,0.73322,3.97859,2.12096,0.44556,0.5775,3.20038,7/16/19,9,9,0,92,1,0,92,10/25/17,6,6,0,24,1,0,24,7/29/16,5,3,2,24,1,0,24,58,0,1,0,0,0,0,0,"666 KAPPOCK STREET,RIVERDALE,NY,10463",2/1/21
 ,335864,FLUSHING HOSPITAL MEDICAL CENTER T C U,45TH AVENUE AND PARSONS BOULEVARD,FLUSHING,NY,11355,7182066595,590,Queens,Non profit - Corporation,6,1.3,,Medicare,Y,Legal Business Name Not Available,8/12/11,N,,N,N,N,Resident,Yes,5,,4,,5,,,2,5,,,12,,12,6,6,,,,,,,,,,,,,,,11/26/19,0,0,0,0,0,0,0,8/3/18,4,4,0,24,1,0,24,6/12/17,0,0,0,0,0,0,0,8,0,0,,0,0,0,0,"45TH AVENUE AND PARSONS BOULEVARD,FLUSHING,NY,11355",2/1/21
1258,335659,FORDHAM NURSING AND REHABILITATION CENTER,2678 KINGSBRIDGE TERRACE,BRONX,NY,10463,7187965800,20,Bronx,For profit - Corporation,240,177.7,,Medicare and Medicaid,N,TERRACE ACQUISITION II LLC,10/29/82,N,,N,N,N,Both,Yes,3,,3,,4,,5,,3,,2,,2,,,,1.73616,0.50612,0.43121,0.93733,2.67349,0.05354,1.83031,0.79334,0.4251,3.04875,1.95691,0.47265,0.39975,2.80436,12/12/19,3,3,0,12,1,0,12,2/2/18,6,6,0,24,1,0,24,9/23/16,4,0,4,16,0,0,16,16.667,0,1,0,0,0,0,0,"2678 KINGSBRIDGE TERRACE,BRONX,NY,10463",2/1/21
1681,335139,FOREST HILLS CARE CENTER,71 44 YELLOWSTONE BLVD,FOREST HILLS,NY,11375,7185444300,590,Queens,For profit - Partnership,100,76.9,,Medicare and Medicaid,N,FOREST HILLS CARE CENTER,11/18/68,N,,N,N,N,Resident,Yes,4,,4,,4,,4,,4,,2,,2,,,,2.17682,0.69439,0.59456,1.28896,3.46578,0.06508,2.18188,0.8875,0.53797,3.60734,2.05826,0.57967,0.43555,3.0725,5/2/19,0,0,0,0,0,0,0,12/29/17,1,1,0,20,1,0,20,9/2/16,3,3,0,12,1,0,12,8.667,0,0,0,0,0,0,0,"71 44 YELLOWSTONE BLVD,FOREST HILLS,NY,11375",2/1/21
1682,335310,FOREST VIEW CENTER FOR REHABILITATION & NURSING,71 20 110TH STREET,FOREST HILLS,NY,11375,7187933200,590,Queens,For profit - Corporation,160,127.9,,Medicare and Medicaid,N,"FOREST VIEW NURSING HOME, INC.",6/4/71,N,,N,N,N,Resident,Yes,5,,4,,5,,5,,4,,3,,3,,,,2.50535,0.7003,0.74603,1.44632,3.95168,0.10631,2.17986,0.81368,0.44855,3.44209,2.37108,0.63764,0.65544,3.67144,7/12/19,3,3,0,12,1,0,12,11/16/17,0,0,0,0,0,0,0,8/19/16,9,9,0,40,1,0,40,12.667,0,0,0,0,0,0,0,"71 20 110TH STREET,FOREST HILLS,NY,11375",2/1/21
1585,335257,FORT TRYON CENTER FOR REHABILITATION AND NURSING,801 W 190TH ST,NEW YORK,NY,10040,2125436400,420,New York,For profit - Individual,205,181,,Medicare and Medicaid,N,FORT TRYON REHABILITATION & HEALTH CARE FACILITY LLC,3/17/68,N,,N,N,N,Resident,Yes,2,,1,,5,,5,,5,,2,,2,,,,1.93432,0.58992,0.62423,1.21415,3.14847,0.14085,2.13055,0.98965,0.61865,3.73885,1.87302,0.44163,0.39764,2.69302,6/18/19,11,5,4,84,1,0,84,8/25/17,2,1,1,8,1,0,8,6/2/16,2,2,0,8,1,0,8,46,2,2,6,0,0,0,0,"801 W 190TH ST,NEW YORK,NY,10040",2/1/21
3227,335673,FOUR SEASONS NURSING AND REHABILITATION CENTER,1555 ROCKAWAY PARKWAY,BROOKLYN,NY,11236,7189276300,331,Kings,For profit - Limited Liability company,270,200.3,,Medicare and Medicaid,N,FSNR SNF LLC,6/1/84,N,,N,N,N,Both,Yes,5,,5,,5,,5,,5,,2,,2,,,,2.16905,0.64929,0.7316,1.38089,3.54993,0.08827,2.28448,1.04505,0.65854,3.98808,1.95879,0.4603,0.4378,2.84665,6/3/19,1,1,0,4,1,0,4,9/8/17,1,1,0,4,1,0,4,6/23/16,2,2,0,12,1,0,12,5.333,0,0,0,1,650,0,1,"1555 ROCKAWAY PARKWAY,BROOKLYN,NY,11236",2/1/21
1708,335426,FRANKLIN CENTER FOR REHABILITATION AND NURSING,142 27 FRANKLIN AVENUE,FLUSHING,NY,11355,7186703400,590,Queens,For profit - Individual,320,237.8,,Medicare and Medicaid,N,"NEW FRANKLIN REHABILIATION AND HEALTH CARE FACILITY, LLC",12/1/74,N,,Y,N,N,Both,Yes,3,,2,,5,,5,,5,,2,,2,,,,2.16299,0.64712,0.62924,1.27637,3.43936,0.11281,2.3536,0.99975,0.63203,3.98538,1.89595,0.47956,0.39235,2.75985,7/23/19,3,3,0,36,2,18,54,11/15/17,5,5,0,24,1,0,24,8/12/16,2,2,0,8,1,0,8,36.333,0,0,0,1,59417,0,1,"142 27 FRANKLIN AVENUE,FLUSHING,NY,11355",2/1/21
1226,335079,GOLD CREST CARE CENTER,2316 BRUNER AVENUE,BRONX,NY,10469,7188826400,20,Bronx,For profit - Corporation,175,145.1,,Medicare and Medicaid,N,GOLD CREST CARE CENTER INC.,1/1/67,N,,N,N,N,Resident,Yes,4,,5,,4,,4,,5,,1,,1,,,,1.9817,0.65145,0.41773,1.06918,3.05088,0.05974,2.06577,0.87653,0.54322,3.48552,1.97907,0.55063,0.30305,2.79921,10/30/19,1,1,0,4,1,0,4,2/7/18,0,0,0,0,0,0,0,9/30/16,1,0,1,4,0,0,4,2.667,1,0,0,0,0,0,0,"2316 BRUNER AVENUE,BRONX,NY,10469",2/1/21
1757,335502,GOLDEN GATE REHABILITATION & HEALTH CARE CENTER,191 BRADLEY AVE,STATEN ISLAND,NY,10314,7186988800,610,Richmond,For profit - Corporation,238,182.9,,Medicare and Medicaid,N,GOLDEN GATE REHABILITATION & HEALTH CARE CENTER LLC,5/1/76,N,,N,N,N,Both,Yes,4,,4,,4,,5,,3,,2,,2,,,,1.95266,0.41684,0.51363,0.93047,2.88313,0.08453,2.11386,0.81807,0.47999,3.41192,1.90571,0.37751,0.42171,2.70236,6/27/19,5,5,0,20,1,0,20,8/31/17,1,1,0,4,1,0,4,6/10/16,1,1,0,4,1,0,4,12,0,0,0,0,0,0,0,"191 BRADLEY AVE,STATEN ISLAND,NY,10314",2/1/21
856,335744,GRAND MANOR NURSING & REHABILITATION CENTER,700 WHITE PLAINS ROAD,BRONX,NY,10473,7185188892,20,Bronx,For profit - Corporation,240,191.5,,Medicare and Medicaid,N,GRAND MANOR HEALTH RELATED FACILITY INC,3/10/92,N,,N,N,N,Resident,Yes,2,,2,,4,,5,,3,,2,,2,,,,1.38492,0.38186,0.40656,0.78842,2.17334,0.07532,1.88645,0.69239,0.35934,2.93818,1.51456,0.4086,0.44587,2.36552,8/30/19,8,7,0,36,1,0,36,10/12/17,1,0,1,4,0,0,4,7/15/16,14,11,3,76,1,0,76,32,0,2,1,1,975,0,1,"700 WHITE PLAINS ROAD,BRONX,NY,10473",2/1/21
4285,335710,HAMILTON PARK NURSING AND REHABILITATION CENTER,691 92ND STREET,BROOKLYN,NY,11228,7185671820,331,Kings,For profit - Partnership,200,170.8,,Medicare and Medicaid,N,HAMILTON PARK MULTICARE,6/27/90,N,,N,N,N,Resident,Yes,4,,3,,5,,5,,5,,3,,3,,,,2.34965,0.97453,0.91171,1.88624,4.23588,0.15311,2.16667,0.97845,0.59678,3.7419,2.23726,0.7379,0.60205,3.62017,12/16/19,6,4,2,28,1,0,28,5/1/18,4,4,0,16,1,0,16,11/15/16,4,4,0,16,1,0,16,22,0,1,0,0,0,0,0,"691 92ND STREET,BROOKLYN,NY,11228",2/1/21
1604,335522,"HARLEM CTR FOR NURSING AND REHABILITATION, L L C",30 WEST 138TH STREET,NEW YORK,NY,10037,2126907400,420,New York,For profit - Limited Liability company,200,185,,Medicare and Medicaid,N,HARLEM CENTER FOR NURSING AND REHABILITATION LLC,2/4/76,N,,N,N,N,Both,Yes,3,,2,,5,,5,,5,,2,,2,,,,2.27411,0.75539,0.68652,1.44191,3.71602,0.04918,2.21634,0.91578,0.56928,3.7014,2.11681,0.61112,0.47524,3.21062,2/27/20,8,7,0,48,1,0,48,9/25/18,2,2,0,12,1,0,12,8/8/17,5,4,1,28,1,0,28,32.667,0,1,2,0,0,0,0,"30 WEST 138TH STREET,NEW YORK,NY,10037",2/1/21
3256,335676,"HAVEN MANOR HEALTH CARE CENTER, L L C",1441 GATEWAY BOULEVARD,FAR ROCKAWAY,NY,11691,7184711500,590,Queens,For profit - Partnership,240,188.2,,Medicare and Medicaid,N,HAVEN MANOR HEALTH CARE CENTER LLC,10/1/84,N,,N,N,N,Both,Yes,3,,4,,4,,4,,,2,1,,1,,,,1.12688,0.56418,0.23872,0.8029,1.92978,0.02184,1.77636,0.72743,0.38583,2.88962,1.30874,0.5746,0.24383,2.13573,3/22/19,2,2,0,12,1,0,12,7/11/17,0,0,0,0,0,0,0,4/18/16,2,2,0,8,1,0,8,7.333,0,0,0,0,0,0,0,"1441 GATEWAY BOULEVARD,FAR ROCKAWAY,NY,11691",2/1/21
1361,335656,HAYM SOLOMON HOME FOR THE AGED,2340 CROPSEY AVENUE,BROOKLYN,NY,11214,7183731700,331,Kings,For profit - Partnership,240,185.4,,Medicare and Medicaid,N,"HAYM SALOMON HOME FOR THE AGED, LLC",6/2/82,N,,N,N,N,Both,Yes,3,,2,,5,,5,,5,,2,,2,,,,2.84411,1.03304,0.62251,1.65555,4.49965,0.121,2.26907,0.88862,0.50521,3.6629,2.58586,0.86128,0.48558,3.92855,12/6/19,6,6,0,44,1,0,44,6/8/18,5,5,0,52,1,0,52,11/14/16,0,0,0,0,0,0,0,39.333,0,0,0,1,6893,0,1,"2340 CROPSEY AVENUE,BROOKLYN,NY,11214",2/1/21
1212,335020,HEBREW HOME FOR THE AGED AT RIVERDALE,5901 PALISADE AVENUE,RIVERDALE,NY,10471,7185811000,20,Bronx,Non profit - Corporation,843,567.5,,Medicare and Medicaid,N,HEBREW HOME FOR THE AGED AT RIVERDALE,1/1/67,N,,N,N,N,Both,Yes,3,,2,,5,,5,,5,,2,,3,,,,1.99877,0.32395,0.70192,1.02587,3.02464,0.08366,2.2057,0.81246,0.44991,3.46807,1.86949,0.29541,0.61482,2.7891,8/12/19,11,10,0,48,1,0,48,10/27/17,4,2,2,16,1,0,16,8/2/16,0,0,0,0,0,0,0,29.333,1,1,1,0,0,0,0,"5901 PALISADE AVENUE,RIVERDALE,NY,10471",2/1/21
1601,335092,HENRY J CARTER SKILLED NURSING FACILITY,1752 PARK AVE,MANHATTAN,NY,10035,6466860000,420,New York,Government - City,1389,153.9,,Medicare and Medicaid,Y,NEW YORK CITY HEALTH AND HOSPITALS CORPORATION,7/1/70,N,,N,N,N,Both,Yes,5,,5,,5,,5,,,2,3,,3,,,,2.93863,0.951,1.82333,2.77433,5.71297,0.05501,2.38067,1.04701,1.01775,4.44543,2.54655,0.67294,0.70602,4.10984,4/17/19,1,1,0,4,1,0,4,8/25/17,1,1,0,4,1,0,4,5/27/16,2,0,2,8,0,0,8,4.667,2,1,0,0,0,0,0,"1752 PARK AVE,MANHATTAN,NY,10035",2/1/21
4328,335751,HIGHBRIDGE WOODYCREST CENTER,936 WOODYCREST AVENUE,BRONX,NY,10452,7184141157,20,Bronx,For profit - Corporation,90,84,,Medicare and Medicaid,N,YGC AT WOODYCREST LLC,5/22/91,N,,N,N,N,Resident,Yes,5,,4,,5,,5,,,2,3,,4,,,,1.07621,0.75499,0.50407,1.25907,2.33528,0.02396,1.40252,0.58835,0.26785,2.25873,1.58305,0.95072,0.74162,3.30638,12/5/19,4,4,0,16,1,0,16,10/23/18,1,1,0,16,1,0,16,8/31/17,1,1,0,4,1,0,4,14,0,0,0,0,0,0,0,"936 WOODYCREST AVENUE,BRONX,NY,10452",2/1/21
1711,335505,HIGHLAND CARE CENTER,91 31 175TH STREET,JAMAICA,NY,11432,7186576363,590,Queens,For profit - Corporation,320,285.5,,Medicare and Medicaid,N,"HIGHLAND CARE CENTER, INC",5/1/76,N,,N,N,N,Resident,Yes,2,,2,,2,,2,,2,,2,,2,,,,2.14689,0.63614,0.47074,1.10688,3.25377,0.12364,2.09948,0.84672,0.48345,3.42964,2.10962,0.55663,0.38373,3.034,5/13/19,10,8,0,48,1,0,48,8/4/17,0,0,0,0,0,0,0,5/16/16,2,2,0,8,1,0,8,25.333,0,0,2,3,3900,0,3,"91 31 175TH STREET,JAMAICA,NY,11432",2/1/21
1714,335531,HILLSIDE MANOR REHAB & EXTENDED CARE CENTER,182 15 HILLSIDE AVENUE,JAMAICA EST,NY,11432,7182918200,590,Queens,For profit - Partnership,400,272,,Medicare and Medicaid,N,HILLSIDE MANOR REHABILITATION AND EXTENDED CARE CENTER LLC,12/22/75,N,,N,N,N,Both,Yes,5,,5,,5,,5,,5,,3,,3,,,,2.51939,0.53695,0.71551,1.25246,3.77185,0.0705,2.21105,0.8448,0.4853,3.54115,2.35074,0.4709,0.58103,3.40634,4/9/19,0,0,0,0,0,0,0,9/28/17,0,0,0,0,0,0,0,7/15/16,0,0,0,0,0,0,0,0,0,0,0,0,0,0,0,"182 15 HILLSIDE AVENUE,JAMAICA EST,NY,11432",2/1/21
3258,335333,HOLLIS PARK MANOR NURSING HOME,191 06 HILLSIDE AVENUE,HOLLIS,NY,11423,7184791010,590,Queens,For profit - Corporation,80,60.4,,Medicare and Medicaid,N,HOLLIS PARK MANOR NURSING HOME INC,9/14/71,N,,N,N,N,Resident,Yes,4,,3,,5,,5,,5,,3,,4,,,,2.09764,0.59926,1.01917,1.61843,3.71607,0.09463,2.08383,0.91461,0.53125,3.52969,2.07671,0.48543,0.75602,3.36686,6/7/19,4,3,1,16,1,0,16,8/28/18,6,6,0,28,1,0,28,5/16/17,3,3,0,16,1,0,16,20,1,0,0,0,0,0,0,"191 06 HILLSIDE AVENUE,HOLLIS,NY,11423",2/1/21
1712,335503,HOLLISWOOD CTR FOR REHABILITATION AND HEALTHCARE,195 44 WOODHULL AVENUE,HOLLIS,NY,11423,7187403500,590,Queens,For profit - Corporation,314,291.2,,Medicare and Medicaid,N,"HOLLIS OPERATING CO, LLC",5/1/76,N,,N,N,N,Both,Yes,2,,3,,4,,5,,3,,1,,1,,,,2.27108,0.7575,0.30469,1.06219,3.33327,0.09815,2.21392,0.88408,0.49102,3.58903,2.1163,0.6348,0.24454,2.9701,5/23/19,3,3,0,16,1,0,16,12/11/17,7,7,0,32,1,0,32,8/19/16,7,5,2,32,1,0,32,24,0,1,0,0,0,0,0,"195 44 WOODHULL AVENUE,HOLLIS,NY,11423",2/1/21
4329,335725,HOPE CENTER FOR H I V AND NURSING CARE,1401 UNIVERSITY AVENUE,BRONX,NY,10452,7184086333,20,Bronx,For profit - Partnership,66,61,,Medicare and Medicaid,N,HOPE CENTER OPERATIONS LLC,12/10/90,N,,N,N,N,Resident,Yes,5,,4,,5,,5,,,2,4,,5,,,,1.36119,0.55406,0.80963,1.36368,2.72487,0.03787,1.429,0.61182,0.2889,2.32972,1.96514,0.67093,1.10439,3.74041,3/22/19,0,0,0,0,0,0,0,12/20/17,4,4,0,20,1,0,20,9/15/16,0,0,0,0,0,0,0,6.667,0,0,0,0,0,0,0,"1401 UNIVERSITY AVENUE,BRONX,NY,10452",2/1/21
5546,335847,HOPKINS CENTER FOR REHABILITATION AND HEALTHCARE,155 DEAN STREET,BROOKLYN,NY,11217,7186946700,331,Kings,For profit - Limited Liability company,288,175.8,,Medicare and Medicaid,N,"KFG OPERATING I, LLC",2/16/05,N,,N,N,N,Resident,Yes,2,,2,,4,,3,,5,,2,,2,,,,2.35483,0.69929,0.64634,1.34564,3.70047,0.09191,2.15081,0.94024,0.64761,3.73866,2.25873,0.55102,0.39332,3.16533,8/1/19,7,7,0,56,1,0,56,10/16/17,6,6,0,32,1,0,32,7/22/16,1,1,0,4,1,0,4,39.333,0,0,0,0,0,0,0,"155 DEAN STREET,BROOKLYN,NY,11217",2/1/21
1731,335738,HORIZON CARE CENTER,64 11 BEACH CHANNEL DRIVE,ARVERNE,NY,11692,7189450700,590,Queens,For profit - Corporation,280,219.6,,Medicare and Medicaid,N,"OCEAN GARDENS NURSING FACILITY, INC.",4/7/92,N,,N,N,N,Both,Yes,1,,2,,3,,5,,1,,1,,1,,,,1.47946,0.4908,0.2578,0.74861,2.22807,0.03625,1.83994,0.81486,0.4673,3.1221,1.65885,0.44624,0.21741,2.28223,10/8/19,8,8,0,32,1,0,32,5/17/18,7,7,0,28,1,0,28,1/11/17,9,9,0,40,1,0,40,32,0,0,0,0,0,0,0,"64 11 BEACH CHANNEL DRIVE,ARVERNE,NY,11692",2/1/21
1232,335187,HUDSON POINTE AT RIVERDALE CTR FOR NURSING & REHAB,3220 HENRY HUDSON PARKWAY,BRONX,NY,10463,7185499400,20,Bronx,For profit - Individual,167,143.6,,Medicare and Medicaid,N,HUDSON POINTE ACQUISITION LLC,6/20/79,N,,N,N,N,Both,Yes,4,,4,,4,,4,,4,,2,,2,,,,2.06867,0.71967,0.4201,1.13977,3.20845,0.08785,2.06332,0.87744,0.50154,3.4423,2.06838,0.60767,0.33009,2.98074,8/20/19,2,2,0,8,1,0,8,11/10/17,0,0,0,0,0,0,0,8/4/16,5,5,0,24,1,0,24,8,0,0,0,0,0,0,0,"3220 HENRY HUDSON PARKWAY,BRONX,NY,10463",2/1/21
6166,335822,INCARNATION CHILDRENS CENTER INC,142 AUDOBON AVENUE,NEW YORK,NY,10032,2129282590,420,New York,Non profit - Corporation,22,12.6,,Medicare and Medicaid,N,INCARNATION CHILDREN'S CENTER,6/27/00,N,,N,N,N,Resident,Yes,5,,5,,5,,5,,,2,5,,5,,,,4.77965,0,3.20435,3.20435,7.984,0,1.29124,0.57609,0.27224,2.13957,7.63652,0,4.63849,11.93361,3/29/19,0,0,0,0,0,0,0,1/8/18,1,1,0,16,1,0,16,9/15/16,0,0,0,0,0,0,0,5.333,0,0,0,0,0,0,0,"142 AUDOBON AVENUE,NEW YORK,NY,10032",2/1/21
1569,335100,ISABELLA GERIATRIC CENTER INC,515 AUDUBON AVENUE,NEW YORK,NY,10040,2123429200,420,New York,Non profit - Corporation,705,489.9,,Medicare and Medicaid,N,ISABELLA GERIATRIC CENTER INC,4/4/72,N,,N,N,N,Both,Yes,3,,2,,5,,5,,5,,3,,3,,,,3.24572,0.71142,0.85785,1.56927,4.81499,0.0481,2.21433,0.85908,0.56883,3.64223,3.02396,0.61353,0.59432,4.22771,11/19/20,5,3,1,32,1,0,32,10/30/18,10,10,0,44,1,0,44,9/8/17,0,0,0,0,0,0,0,30.667,1,0,1,0,0,0,0,"515 AUDUBON AVENUE,NEW YORK,NY,10040",2/1/21
#N/A,335856,JAMAICA HOSPITAL MEDICAL CENTER T C U,8900 VAN WYCK EXPRESSWAY,JAMAICA,NY,11418,7182066595,590,Queens,Non profit - Corporation,7,,10,Medicare,Y,Legal Business Name Not Available,1/9/09,N,,N,N,N,Resident,Yes,5,,5,,5,,,2,5,,,2,,2,6,6,,,,,,,,,,,,,,,9/5/19,0,0,0,0,0,0,0,1/19/18,0,0,0,0,0,0,0,9/14/16,0,0,0,0,0,0,0,0,0,0,,0,0,0,0,"8900 VAN WYCK EXPRESSWAY,JAMAICA,NY,11418",2/1/21
1710,335436,JAMAICA HOSPITAL NURSING HOME CO INC,89-40  135TH  STREET,JAMAICA,NY,11418,7182065000,590,Queens,Non profit - Corporation,226,173,,Medicare and Medicaid,Y,JAMAICA HOSPITAL NURSING HOME CO INC,1/1/75,N,,N,N,N,Resident,Yes,5,,5,,5,,5,,5,,3,,4,,,,2.10733,0.56416,0.79278,1.35694,3.46427,0.14813,2.2012,0.77597,0.3971,3.37428,1.97505,0.53865,0.78676,3.28329,11/18/20,0,0,0,0,0,0,0,12/20/18,0,0,0,0,0,0,0,4/7/17,0,0,0,0,0,0,0,0,0,0,0,0,0,0,0,"89-40  135TH  STREET,JAMAICA,NY,11418",2/1/21
1222,335849,JEANNE JUGAN RESIDENCE,2999 SCHURZ AVENUE,BRONX,NY,10465,3473291800,20,Bronx,Non profit - Corporation,30,26.8,,Medicare and Medicaid,N,HOME FOR THE AGED OF THE LITTLE SISTERS OF THE POOR OF THE CITY OF NY,4/20/06,N,,N,N,N,None,Yes,5,,3,,5,,5,,,2,5,,5,,,,3.14391,0.76447,1.53285,2.29733,5.44123,0.03331,2.15801,0.78614,0.31299,3.25713,3.00554,0.72046,1.93003,5.34244,4/11/19,2,2,0,8,1,0,8,3/9/18,8,8,1,48,1,0,48,12/16/16,0,0,0,0,0,0,0,20,2,0,0,1,8518,0,1,"2999 SCHURZ AVENUE,BRONX,NY,10465",2/1/21
1364,335545,KING DAVID CENTER FOR NURSING AND REHABILITATION,2266 CROPSEY AVENUE,BROOKLYN,NY,11214,7182666100,331,Kings,For profit - Partnership,271,206.3,,Medicare and Medicaid,N,SGRNC LLC,9/1/77,N,,N,N,N,Resident,Yes,2,,1,,5,,4,,5,,3,,3,,,,2.65888,0.74593,0.94041,1.68634,4.34523,0.10714,2.18846,1.01911,0.58894,3.7965,2.5065,0.54228,0.62927,3.66021,4/26/19,9,9,0,40,1,0,40,7/19/17,6,6,0,28,1,0,28,4/21/16,9,4,5,84,1,0,84,43.333,0,1,0,0,0,0,0,"2266 CROPSEY AVENUE,BROOKLYN,NY,11214",2/1/21
1250,335644,KINGS HARBOR MULTICARE CENTER,2000 E GUNHILL ROAD,BRONX,NY,10469,7183200400,20,Bronx,For profit - Corporation,720,501.4,,Medicare and Medicaid,N,BRONX HARBOR HEALTH CARE COMPLEX INC,3/1/81,N,,N,N,N,Both,Yes,5,,4,,5,,5,,5,,2,,2,,,,2.19094,0.68742,0.44264,1.13006,3.321,0.04734,1.97529,0.80292,0.4368,3.21501,2.28827,0.6343,0.39935,3.30342,9/30/20,4,4,0,12,1,0,12,10/12/18,4,4,0,16,1,0,16,4/28/17,1,1,0,4,1,0,4,12,0,0,0,0,0,0,0,"2000 E GUNHILL ROAD,BRONX,NY,10469",2/1/21
1248,335388,LACONIA NURSING HOME,1050 EAST 230TH STREET,BRONX,NY,10466,7186545875,20,Bronx,For profit - Corporation,240,201.9,,Medicare and Medicaid,N,LACONIA NURSING HOME INC.,11/15/73,N,,N,N,N,Resident,Yes,4,,4,,5,,4,,5,,1,,1,,,,2.00937,0.64741,0.31553,0.96294,2.97231,0.19767,2.26576,1.01802,0.63461,3.9184,1.82958,0.47116,0.19594,2.42585,4/24/19,3,3,0,12,1,0,12,8/11/17,0,0,0,0,0,0,0,5/23/16,4,3,1,16,1,0,16,8.667,0,1,0,0,0,0,0,"1050 EAST 230TH STREET,BRONX,NY,10466",2/1/21
1707,335415,"LAWRENCE NURSING CARE CENTER, INC",350 BEACH 54TH STREET,ARVERNE,NY,11692,7189450400,590,Queens,For profit - Corporation,200,174.6,,Medicare and Medicaid,N,LAWRENCE NURSING CARE CENTER INC.,6/1/74,N,,N,N,N,Both,Yes,4,,4,,5,,5,,3,,1,,1,,,,1.84034,0.59563,0.33204,0.92767,2.76801,0.0606,1.87767,0.84924,0.48107,3.20798,2.02202,0.51963,0.272,2.7594,12/3/19,2,2,0,8,1,0,8,8/15/18,7,7,0,24,1,0,24,3/30/17,3,3,0,12,1,0,12,14,0,0,0,9,20800,0,9,"350 BEACH 54TH STREET,ARVERNE,NY,11692",2/1/21
7665,335811,LINDEN CENTER FOR NURSING AND REHABILITATION,2237 LINDEN BOULEVARD,BROOKLYN,NY,11207,7186497000,331,Kings,For profit - Limited Liability company,280,243.6,,Medicare and Medicaid,N,ALLIANCE HEALTH OPERATIONS LLC,11/24/98,N,,N,N,N,Both,Yes,4,,3,,5,,5,,5,,2,,2,,,,2.44274,0.6739,0.56385,1.23775,3.68049,0.09278,2.23588,0.96541,0.53988,3.74118,2.2539,0.51716,0.41158,3.14612,12/16/20,0,0,0,0,0,0,0,1/10/19,9,9,0,44,1,0,44,3/24/17,3,3,0,16,1,0,16,17.333,0,0,0,0,0,0,0,"2237 LINDEN BOULEVARD,BROOKLYN,NY,11207",2/1/21
1701,335434,LITTLE NECK CARE CENTER,260 19 NASSAU BLVD,LITTLE NECK,NY,11362,7184236400,590,Queens,For profit - Limited Liability company,120,103.6,,Medicare and Medicaid,N,OPTIMA CARE LITTLE NECK LLC,9/1/76,N,,N,N,N,Resident,Yes,5,,5,,5,,5,,5,,2,,2,,,,2.19503,0.56425,0.65145,1.2157,3.41073,0.14911,2.14572,0.88926,0.50997,3.54495,2.11044,0.4701,0.50342,3.07691,11/18/19,1,1,1,4,1,0,4,4/5/18,1,1,0,4,1,0,4,1/23/17,2,2,0,8,1,0,8,4.667,0,1,0,0,0,0,0,"260 19 NASSAU BLVD,LITTLE NECK,NY,11362",2/1/21
1685,335294,LONG ISLAND CARE CENTER INC,144-61 38TH AVE,FLUSHING,NY,11354,7189397500,590,Queens,For profit - Corporation,200,156.9,,Medicare and Medicaid,N,LONG ISLAND CARE CENTER INC,10/15/69,N,,N,N,N,Resident,Yes,5,,5,,5,,5,,5,,3,,3,,,,2.42839,0.62837,0.94687,1.57523,4.00362,0.11134,2.17646,0.97978,0.68795,3.84419,2.30183,0.47515,0.5424,3.33062,7/9/19,0,0,0,0,0,0,0,11/22/17,0,0,0,0,0,0,0,8/19/16,0,0,0,0,0,0,0,0,0,0,0,0,0,0,0,"144-61 38TH AVE,FLUSHING,NY,11354",2/1/21
3993,335695,MANHATTANVILLE HEALTH CARE CENTER,311 W 231ST STREET,BRONX,NY,10463,7186018400,20,Bronx,For profit - Corporation,200,149,,Medicare and Medicaid,N,MANHATTANVILLE SBV LLC,11/10/88,N,,N,N,N,Resident,Yes,2,,2,,4,,5,,3,,2,,2,,,,2.3188,0.63162,0.45875,1.09037,3.40918,0.09116,2.09581,0.89091,0.49344,3.48017,2.28254,0.52525,0.36638,3.13276,2/27/20,4,4,1,16,1,0,16,11/20/18,3,3,0,12,1,0,12,3/17/17,3,0,3,129,0,0,129,33.5,3,2,0,1,12678,0,1,"311 W 231ST STREET,BRONX,NY,10463",2/1/21
1669,335336,MARGARET TIETZ CENTER FOR NURSING CARE INC,164 11 CHAPIN PARKWAY,JAMAICA,NY,11432,7182987800,590,Queens,For profit - Corporation,200,173.2,,Medicare and Medicaid,N,CHAPIN ACQUISITION I LLC,11/1/71,N,,N,N,N,Resident,Yes,5,,5,,5,,4,,5,,3,,4,,,,1.95594,0.21002,1.08497,1.29499,3.25093,0.07904,2.28022,0.88558,0.55671,3.7225,1.76964,0.1757,0.76804,2.79287,9/13/19,1,1,0,4,1,0,4,1/16/18,0,0,0,0,0,0,0,9/9/16,0,0,0,0,0,0,0,2,0,0,0,0,0,0,0,"164 11 CHAPIN PARKWAY,JAMAICA,NY,11432",2/1/21
1571,335050,MARY MANNING WALSH NURSING HOME CO INC,1339 YORK AVENUE,NEW YORK,NY,10021,6464754800,420,New York,Non profit - Corporation,362,266.2,,Medicare and Medicaid,N,MARY MANNING WALSH NURSING HOME CO INC,10/6/69,N,,N,N,N,Both,Yes,5,,4,,5,,5,,5,,3,,3,,,,2.19533,0.74944,0.8888,1.63824,3.83357,0.10874,2.12869,0.86233,0.51123,3.50225,2.12762,0.64388,0.68514,3.50053,3/6/20,4,4,0,16,1,0,16,11/30/18,4,4,0,20,1,0,20,4/3/17,0,0,0,0,0,0,0,14.667,0,0,0,0,0,0,0,"1339 YORK AVENUE,NEW YORK,NY,10021",2/1/21
1687,335143,MEADOW PARK REHABILITATION AND HEALTH CENTER L L C,78-10 164TH STREET,FLUSHING,NY,11366,7185918300,590,Queens,For profit - Corporation,143,104.5,,Medicare and Medicaid,N,"MEADOW PARK REHABILITATION & HEALTH CARE CENTER, LLC",6/4/70,N,,N,N,N,Resident,Yes,2,,1,,5,,5,,5,,2,,2,,,,2.53745,0.87066,0.56286,1.43352,3.97097,0.10107,2.14889,0.91144,0.51332,3.57364,2.43607,0.70773,0.43212,3.55356,6/7/19,6,5,1,40,1,0,40,3/7/18,1,1,0,4,1,0,4,10/19/16,5,5,0,337,1,0,337,77.5,0,1,1,0,0,0,0,"78-10 164TH STREET,FLUSHING,NY,11366",2/1/21
2539,335653,MENORAH HOME & HOSPITAL FOR AGED & INFIRM,1516 ORIENTAL BLVD,BROOKLYN,NY,11235,7186464441,331,Kings,Non profit - Corporation,436,305.2,,Medicare and Medicaid,N,MENORAH HOME AND HOSPITAL FOR THE AGED AND INFIRM,6/28/82,N,,N,N,N,Resident,Yes,5,,5,,5,,4,,5,,3,,3,,,,2.81656,0.7393,1.04011,1.7794,4.59597,0.06548,2.3947,0.92564,0.56987,3.89021,2.42647,0.59173,0.71927,3.77817,11/8/19,2,2,0,8,1,0,8,3/15/18,0,0,0,0,0,0,0,11/4/16,1,0,1,4,0,0,4,4.667,1,0,0,0,0,0,0,"1516 ORIENTAL BLVD,BROOKLYN,NY,11235",2/1/21
1221,335524,METHODIST HOME FOR NURSING AND REHABILITATION,4499 MANHATTAN COLLEGE PARKWAY,BRONX,NY,10471,7185485100,20,Bronx,Non profit - Corporation,120,88.6,,Medicare and Medicaid,N,METHODIST CHURCH HOME FOR THE AGED IN THE CITY OF NEW YORK,7/1/76,N,,N,N,N,Resident,Yes,5,,4,,5,,4,,5,,3,,3,,,,2.28469,0.75307,0.69482,1.44789,3.73258,0.33086,2.26917,0.91504,0.51176,3.69597,2.07714,0.60973,0.53505,3.22967,10/1/19,1,1,0,8,1,0,8,1/18/18,0,0,0,0,0,0,0,9/9/16,4,4,0,16,1,0,16,6.667,0,0,0,0,0,0,0,"4499 MANHATTAN COLLEGE PARKWAY,BRONX,NY,10471",2/1/21
1704,335472,MIDWAY NURSING HOME,69 95 QUEENS MIDTOWN EXPRESSWAY,MASPETH,NY,11378,7184292200,590,Queens,For profit - Partnership,200,138.1,,Medicare and Medicaid,N,"MIDWAY NURSING HOME, INC.",2/1/76,N,,N,Y,N,Resident,Yes,3,,2,,5,,5,,5,,2,,2,,,,2.15939,0.74608,0.51598,1.26206,3.42145,0.04246,2.00818,0.805,0.48856,3.30173,2.21838,0.68665,0.4162,3.31395,1/10/19,6,6,0,28,1,0,28,4/21/17,5,5,0,24,1,0,24,1/29/16,10,9,1,52,1,0,52,30.667,1,0,0,0,0,0,0,"69 95 QUEENS MIDTOWN EXPRESSWAY,MASPETH,NY,11378",2/1/21
1252,335484,MORNINGSIDE NURSING AND REHABILITATION CENTER,1000 PELHAM PARKWAY SOUTH,BRONX,NY,10461,7184098200,20,Bronx,For profit - Corporation,386,250.1,,Medicare and Medicaid,N,MORNINGSIDE ACQUISITION I LLC,4/1/76,N,,N,N,N,Both,Yes,3,,2,,5,,5,,4,,3,,4,,,,2.04661,0.27884,0.93564,1.21449,3.2611,0.0678,2.08557,0.87183,0.48733,3.44473,2.0245,0.23696,0.75661,3.02751,7/8/19,10,8,2,52,1,0,52,7/31/17,0,0,0,0,0,0,0,5/6/16,0,0,0,0,0,0,0,26,1,3,2,0,0,0,0,"1000 PELHAM PARKWAY SOUTH,BRONX,NY,10461",2/1/21
1235,335347,MORRIS PARK REHABILITATION AND NURSING CENTER,1235 PELHAM PARKWAY NORTH,BRONX,NY,10469,7182314300,20,Bronx,For profit - Individual,191,172.7,,Medicare and Medicaid,N,MORRIS BERKOWITZ,2/1/82,N,,N,Y,N,Both,Yes,4,,4,,5,,5,,5,,1,,1,,,,2.16129,0.56765,0.34256,0.9102,3.07149,0.05539,2.26451,0.90883,0.48176,3.65511,1.96899,0.46274,0.28022,2.68737,1/18/19,1,1,0,4,1,0,4,3/24/17,0,0,0,0,0,0,0,1/15/16,2,2,0,20,1,0,20,5.333,0,0,0,0,0,0,0,"1235 PELHAM PARKWAY NORTH,BRONX,NY,10469",2/1/21
1236,335030,MOSHOLU PARKWAY NURSING & REHABILITATION CENTER,3356 PERRY AVENUE,BRONX,NY,10467,7186553568,20,Bronx,For profit - Corporation,122,94.2,,Medicare and Medicaid,N,MOSHOLU PARKWAY NURSING AND REHABILITATION CENTER,1/1/67,N,,N,N,N,Resident,Yes,5,,5,,5,,3,,5,,2,,2,,,,2.28456,0.87569,0.47801,1.35369,3.63825,0.16306,1.89353,0.77973,0.4087,3.08196,2.48907,0.83205,0.46092,3.77523,11/6/19,2,2,0,8,1,0,8,3/7/18,0,0,0,0,0,0,0,10/21/16,0,0,0,0,0,0,0,4,0,0,0,0,0,0,0,"3356 PERRY AVENUE,BRONX,NY,10467",2/1/21
1369,335560,"N Y CONGREGATIONAL NURSING CENTER, INC",135 LINDEN BOULEVARD,BROOKLYN,NY,11226,7186936060,331,Kings,Non profit - Corporation,200,136.5,,Medicare and Medicaid,N,NEW YORK CONGREGATIONAL NURSING CENTER,10/1/76,N,,N,N,N,Both,Yes,5,,4,,5,,5,,5,,2,,2,,,,2.12902,0.61228,0.64035,1.25262,3.38164,0.02717,2.27501,0.93963,0.508,3.72263,1.93065,0.48277,0.49676,2.90506,8/5/19,5,3,2,20,1,0,20,10/20/17,0,0,0,0,0,0,0,7/22/16,0,0,0,0,0,0,0,10,3,1,0,0,0,0,0,"135 LINDEN BOULEVARD,BROOKLYN,NY,11226",2/1/21
4815,335770,N Y S VETERANS HOME IN N Y C,178 50 LINDEN BLVD,JAMAICA,NY,11434,7189900329,590,Queens,Government - State,250,133.5,,Medicare and Medicaid,N,STATE OF NEW YORK COMPTROLLERS OFFICE,1/13/94,N,,N,N,N,Both,Yes,5,,4,,5,,5,,4,,5,,5,,,,4.1688,1.4007,1.2388,2.6395,6.8083,0.04804,1.83273,0.64011,0.30085,2.77368,4.69266,1.6212,1.62273,7.84981,7/18/19,0,0,0,0,0,0,0,1/29/18,3,3,0,12,1,0,12,9/23/16,6,6,0,28,1,0,28,8.667,0,0,0,0,0,0,0,"178 50 LINDEN BLVD,JAMAICA,NY,11434",2/1/21
1379,335131,"NEW CARLTON REHAB AND NURSING CENTER, L L C",405 CARLTON AVE,BROOKLYN,NY,11238,7187896262,331,Kings,For profit - Corporation,148,116.3,,Medicare and Medicaid,N,NEW CARLTON REHABILITATION & NURSING CENTER,1/1/67,N,,N,N,N,Resident,Yes,2,,2,,5,,5,,5,,1,,1,,,,2.4577,0.61717,0.34734,0.96451,3.42221,0.10462,1.96898,0.91266,0.54533,3.42697,2.5751,0.501,0.251,3.19355,11/21/19,8,8,0,48,1,0,48,1/18/19,5,3,2,32,1,0,32,6/23/17,1,1,0,8,1,0,8,36,0,1,0,0,0,0,0,"405 CARLTON AVE,BROOKLYN,NY,11238",2/1/21
1578,335517,NEW EAST SIDE NURSING HOME,25 BIALYSTOKER PLACE,NEW YORK,NY,10002,2126738500,420,New York,For profit - Limited Liability company,58,45.7,,Medicare and Medicaid,N,NEW EAST SIDE NURSING HOME LLC,3/1/76,N,,N,N,N,Resident,Yes,5,,5,,4,,5,,4,,3,,3,,,,2.25077,0.73381,0.77804,1.51185,3.76262,0.11816,2.11452,0.79204,0.4561,3.36266,2.19597,0.68641,0.67225,3.57837,1/3/20,0,0,0,0,0,0,0,12/10/18,3,3,0,12,1,0,12,4/28/17,1,1,0,8,1,0,8,5.333,0,0,0,0,0,0,0,"25 BIALYSTOKER PLACE,NEW YORK,NY,10002",2/1/21
1697,335299,"NEW GLEN OAKS NURSING HOME, INC",260 01 79TH AVENUE,GLEN OAKS,NY,11004,7183430770,590,Queens,For profit - Corporation,60,45,,Medicare and Medicaid,N,NEW GLEN OAKS NURSING HOME INC.,10/1/70,N,,N,N,N,Resident,Yes,5,,4,,5,,5,,,2,2,,2,,,,2.68517,0.82489,0.72821,1.5531,4.23828,0.13937,2.36965,0.91415,0.80813,4.09193,2.33773,0.66854,0.35511,3.31237,11/25/19,0,0,0,0,0,0,0,7/31/18,1,1,0,16,1,0,16,8/25/17,3,3,0,12,1,0,12,7.333,0,0,0,0,0,0,0,"260 01 79TH AVENUE,GLEN OAKS,NY,11004",2/1/21
1606,335461,NEW GOUVERNEUR HOSPITAL S N F,227 MADISON STREET,NEW YORK,NY,10002,2124415023,420,New York,Government - City,295,277.5,,Medicare and Medicaid,N,NEW YORK CITY HEALTH AND HOSPITALS CORPORATION,7/15/75,N,,N,N,N,Resident,Yes,5,,4,,5,,5,,5,,5,,5,,,,2.49448,0.62224,1.33643,1.95868,4.45315,0.10753,2.11719,0.76196,0.44139,3.32054,2.43067,0.60502,1.1932,4.28881,12/20/19,4,3,3,20,1,0,20,4/5/18,0,0,0,0,0,0,0,3/16/17,0,0,0,0,0,0,0,10,0,3,1,0,0,0,0,"227 MADISON STREET,NEW YORK,NY,10002",2/1/21
1241,335096,NEW RIVERDALE REHAB AND NURSING,641 WEST 230TH ST,BRONX,NY,10463,7187964800,20,Bronx,For profit - Corporation,146,117,,Medicare and Medicaid,N,RIVERDALE NURSING HOME INC,7/12/68,N,,N,N,N,Resident,Yes,1,,1,,4,,4,,4,,1,,1,,,,2.01212,0.81833,0.29897,1.1173,3.12942,0.0706,1.90302,0.76572,0.40024,3.06898,2.18132,0.79178,0.29437,3.26098,10/10/19,13,12,0,80,1,0,80,1/11/18,4,3,1,24,1,0,24,9/15/16,5,5,0,36,1,0,36,54,1,0,1,2,1625,0,2,"641 WEST 230TH ST,BRONX,NY,10463",2/1/21
1752,335372,"NEW VANDERBILT REHABILITATION AND CARE CENTER, INC",135 VANDERBILT AVE,STATEN ISLAND,NY,10304,7184470701,610,Richmond,For profit - Corporation,320,232.9,,Medicare and Medicaid,N,NEW VANDERBILT REHABILITATION AND CARE CENTER INC,11/1/72,N,,N,N,N,Both,Yes,4,,5,,4,,4,,5,,1,,1,,,,2.25177,0.8513,0.444,1.29531,3.54708,0.05953,2.15765,0.9179,0.67897,3.75453,2.15302,0.68712,0.25771,3.02129,10/20/20,0,0,0,0,0,0,0,11/20/18,2,2,0,12,1,0,12,2/6/17,2,2,0,8,1,0,8,5.333,0,0,0,0,0,0,0,"135 VANDERBILT AVE,STATEN ISLAND,NY,10304",2/1/21
6384,335838,NEW YORK CENTER FOR REHABILITATION & NURSING,26-13  21ST STREET,ASTORIA,NY,11102,7186264800,590,Queens,For profit - Corporation,280,227.5,,Medicare and Medicaid,N,NEW YORK REHABILITATION CARE MANAGEMENT LLC,5/3/02,N,,N,N,N,Resident,Yes,5,,5,,5,,5,,4,,4,,4,,,,2.99103,0.32959,1.15931,1.4889,4.47993,0.0223,2.33333,0.93516,0.50317,3.77166,2.64455,0.26112,0.90797,3.79854,9/14/20,0,0,0,0,0,0,0,8/2/18,0,0,0,0,0,0,0,2/14/17,0,0,0,0,0,0,0,0,0,0,0,0,0,0,0,"26-13  21ST STREET,ASTORIA,NY,11102",2/1/21
#N/A,335862,NEW YORK-PRESBYTERIAN / QUEENS T C U,56-45 MAIN STREET,FLUSHING,NY,11355,9999999991,590,Queens,Non profit - Corporation,16,10.7,,Medicare,Y,Legal Business Name Not Available,8/13/12,N,,N,N,N,None,Yes,5,,5,,5,,,2,5,,,12,,12,6,6,,,,,,,,,,,,,,,11/27/19,0,0,0,0,0,0,0,10/18/18,2,2,0,4,1,0,4,5/18/17,0,0,0,0,0,0,0,1.333,0,0,,0,0,0,0,"56-45 MAIN STREET,FLUSHING,NY,11355",2/1/21
5907,335792,NORTHERN MANHATTAN REHABILITATION AND NURSING CTR,116 EAST 125TH ST,NEW YORK,NY,10035,2124261284,420,New York,For profit - Corporation,320,223.8,,Medicare and Medicaid,N,NORTHERN MANHATTAN NURSING HOME INC,1/4/96,N,,N,N,N,Resident,Yes,3,,3,,4,,5,,2,,2,,2,,,,2.15538,0.56949,0.47417,1.04366,3.19903,0,2.09357,0.83989,0.4659,3.39937,2.12393,0.50235,0.40108,3.00952,3/14/19,5,4,1,24,1,0,24,6/30/17,4,4,0,20,1,0,20,4/8/16,4,2,2,16,1,0,16,21.333,1,2,1,0,0,0,0,"116 EAST 125TH ST,NEW YORK,NY,10035",2/1/21
1374,335523,NORWEGIAN CHRISTIAN HOME AND HEALTH CENTER,1270 67TH STREET,BROOKLYN,NY,11219,7182322322,331,Kings,Non profit - Corporation,135,123.5,,Medicare and Medicaid,N,NORWEGIAN CHRISTIAN HOME AND HEALTH CENTER,7/1/76,N,,N,N,N,Resident,Yes,4,,4,,4,,3,,5,,3,,3,,,,2.25412,0.65945,0.71441,1.37386,3.62797,0,2.18692,0.81527,0.4401,3.44229,2.12642,0.59927,0.63972,3.3705,1/3/20,3,3,0,12,1,0,12,12/19/18,5,5,0,24,1,0,24,5/26/17,0,0,0,0,0,0,0,14,0,0,0,0,0,0,0,"1270 67TH STREET,BROOKLYN,NY,11219",2/1/21
1688,335168,OCEANVIEW NURSING & REHABILITATION CARE CENTER,315 BEACH 9TH STREET,FAR ROCKAWAY,NY,11691,7184716000,590,Queens,For profit - Corporation,102,89.3,,Medicare and Medicaid,N,Legal Business Name Not Available,7/1/69,N,,N,Y,N,Resident,Yes,4,,4,,3,,4,,2,,2,,2,,,,1.59858,0.77729,0.45789,1.23518,2.83376,0.25752,2.06186,0.8102,0.41707,3.28913,1.59948,0.71079,0.43265,2.75523,1/24/19,3,3,0,12,1,0,12,7/27/17,2,2,0,8,1,0,8,5/24/16,7,6,1,24,1,0,24,12.667,0,1,0,0,0,0,0,"315 BEACH 9TH STREET,FAR ROCKAWAY,NY,11691",2/1/21
1391,335163,OXFORD NURSING HOME,144 SO OXFORD ST,BROOKLYN,NY,11217,7186380360,331,Kings,For profit - Corporation,235,184.2,,Medicare and Medicaid,N,"OXFORD NURSING HOME, INC",1/1/67,N,,N,N,N,Both,Yes,3,,3,,5,,5,,5,,1,,1,,,,2.29034,0.67476,0.34075,1.01552,3.30586,0.10976,2.15519,0.91012,0.5732,3.63851,2.1924,0.54929,0.23427,2.90561,2/22/19,4,4,0,36,1,0,36,6/16/17,0,0,0,0,0,0,0,5/19/16,4,3,1,20,1,0,20,21.333,2,0,0,0,0,0,0,"144 SO OXFORD ST,BROOKLYN,NY,11217",2/1/21
1670,335363,OZANAM HALL OF QUEENS NURSING HOME INC,42 41 201ST STREET,BAYSIDE,NY,11361,7184232000,590,Queens,Non profit - Corporation,432,222.3,,Medicare and Medicaid,N,"OZANAM HALL OF QUEENS NURSING HOME, INC",9/10/72,N,,N,N,N,Both,Yes,5,,3,,5,,5,,5,,4,,4,,,,2.88742,0.49105,1.12743,1.61848,4.5059,0.06902,2.24439,0.81177,0.44303,3.49919,2.65411,0.44817,1.00286,4.11805,10/21/19,6,5,0,24,1,0,24,1/23/18,4,3,1,32,1,0,32,9/16/16,1,0,1,4,0,0,4,23.333,1,1,1,0,0,0,0,"42 41 201ST STREET,BAYSIDE,NY,11361",2/1/21
1392,335328,PALM GARDENS CENTER FOR NURSING AND REHABILITATION,615 AVENUE C,BROOKLYN,NY,11218,7186333300,331,Kings,For profit - Individual,240,210.3,,Medicare and Medicaid,N,PALM GARDENS CARE CENTER LLC,6/1/71,N,,N,N,N,Resident,Yes,3,,3,,3,,3,,3,,2,,2,,,,2.88032,0.66075,0.94216,1.6029,4.48322,0.06448,2.33351,0.94256,0.95964,4.23571,2.54646,0.51936,0.3869,3.38486,4/5/19,3,3,0,12,1,0,12,6/5/17,0,0,0,0,0,0,0,3/11/16,7,4,3,107,1,0,107,23.833,4,0,0,0,0,0,0,"615 AVENUE C,BROOKLYN,NY,11218",2/1/21
1238,335287,PARK GARDENS REHABILITATION & NURSING CENTER L L C,6585 BROADWAY,RIVERDALE,NY,10471,7185492200,20,Bronx,For profit - Partnership,200,166.1,,Medicare and Medicaid,N,PARK GARDENS REHABILITATION AND NURSING CENTER LLC,12/31/72,N,,N,N,N,Both,Yes,1,,1,,3,,2,,4,,2,,2,,,,2.18457,0.51551,0.43191,0.94742,3.132,0.09383,2.13223,0.88026,0.44336,3.45586,2.11368,0.43388,0.38391,2.8983,2/11/19,9,9,0,52,1,0,52,3/28/17,8,8,0,32,1,0,32,1/15/16,9,9,0,52,1,0,52,45.333,0,0,0,0,0,0,0,"6585 BROADWAY,RIVERDALE,NY,10471",2/1/21
1689,335093,PARK NURSING HOME,128 BEACH 115TH STREET,ROCKAWAY PARK,NY,11694,7184746400,590,Queens,For profit - Individual,196,172.9,,Medicare and Medicaid,N,PARK HOUSE CARE CENTER LLC,1/1/67,N,,N,N,N,Resident,Yes,2,,2,,3,,5,,1,,2,,2,,,,2.21775,0.60147,0.37494,0.97641,3.19415,0.04926,1.93776,0.74057,0.40516,3.08349,2.36112,0.60172,0.36469,3.31277,2/22/19,11,11,0,64,1,0,64,5/11/17,2,2,0,8,1,0,8,7/11/16,6,4,2,24,1,0,24,38.667,3,0,0,0,0,0,0,"128 BEACH 115TH STREET,ROCKAWAY PARK,NY,11694",2/1/21
1698,335317,PARK TERRACE CARE CENTER,59 20 VAN DOREN STREET,CORONA,NY,11368,7185929200,590,Queens,For profit - Corporation,200,170.7,,Medicare and Medicaid,N,PARK TERRACE CARE CENTER INC,2/3/71,N,,N,N,N,Resident,Yes,2,,2,,4,,5,,3,,3,,3,,,,2.49822,0.61499,0.86485,1.47984,3.97805,0.09922,2.24506,0.99035,0.53553,3.77093,2.29566,0.46007,0.63643,3.37364,10/1/19,3,3,0,28,1,0,28,4/13/18,2,2,0,8,1,0,8,12/23/16,5,5,0,40,2,20,60,26.667,0,0,0,0,0,0,0,"59 20 VAN DOREN STREET,CORONA,NY,11368",2/1/21
1671,335132,PARKER JEWISH INSTITUTE FOR HEALTH CARE & REHAB,271-11 76TH AVE,NEW HYDE PARK,NY,11040,7182892100,590,Queens,Non profit - Corporation,527,361.3,,Medicare and Medicaid,N,PARKER JEWISH INSTITUTE FOR HEALTH CARE AND REHABILITATION,3/14/72,N,,N,N,N,Both,Yes,5,,4,,5,,5,,5,,4,,4,,,,2.54563,0.38622,1.11523,1.50145,4.04708,0.09698,2.14401,0.86903,0.48637,3.49941,2.44949,0.32926,0.90363,3.6985,3/5/19,3,1,2,12,1,0,12,7/10/17,3,2,1,16,1,0,16,5/6/16,1,1,0,4,1,0,4,12,1,1,0,0,0,0,0,"271-11 76TH AVE,NEW HYDE PARK,NY,11040",2/1/21
1245,335486,PELHAM PARKWAY NURSING CTR & REHAB FACILITY L L C,2401 LACONIA AVE,BRONX,NY,10469,7187988600,20,Bronx,For profit - Partnership,200,149.4,,Medicare and Medicaid,N,"PELHAM PARKWAY NURSING CARE & REHABILITATION FACILITY, LLC",4/1/76,N,,N,N,N,Resident,Yes,1,,2,,4,,5,,3,,1,,1,,,,1.83584,0.58017,0.3569,0.93707,2.77292,0.04007,2.12047,0.83394,0.47404,3.42845,1.78612,0.51542,0.2967,2.58652,2/27/20,7,7,0,36,1,0,36,12/11/18,4,3,1,16,1,0,16,2/15/17,4,3,1,16,1,0,16,26,3,0,0,0,0,0,0,"2401 LACONIA AVE,BRONX,NY,10469",2/1/21
1672,335387,PENINSULA NURSING AND REHABILITATION CENTER,50 15 BEACH CHANNEL DRIVE,FAR ROCKAWAY,NY,11691,7187342000,590,Queens,For profit - Corporation,200,156.1,,Medicare and Medicaid,N,CARDIFF BAY CENTER LLC,4/18/73,N,,N,N,N,Resident,Yes,3,,3,,4,,4,,4,,2,,3,,,,1.80656,0.37667,0.65099,1.02766,2.83423,0,2.00111,0.85791,0.49205,3.35107,1.86247,0.32529,0.52138,2.70476,8/14/19,8,7,1,32,1,0,32,4/19/18,2,2,0,8,1,0,8,12/30/16,7,7,0,36,1,0,36,24.667,1,0,0,0,0,0,0,"50 15 BEACH CHANNEL DRIVE,FAR ROCKAWAY,NY,11691",2/1/21
1260,335581,PINNACLE MULTICARE NURSING AND REHAB CENTER,801 CO OP CITY BLVD,BRONX,NY,10475,7182396500,20,Bronx,For profit - Partnership,480,458,,Medicare and Medicaid,N,"BAY PARK CENTER FOR NURSING AND REHABILITATION, LLC",1/1/77,N,,N,N,N,Both,Yes,4,,3,,5,,5,,5,,2,,2,,,,2.07315,0.61045,0.45537,1.06582,3.13897,0.07192,1.99829,0.86895,0.54234,3.40958,2.14032,0.52047,0.33089,2.94417,5/30/19,2,1,0,20,1,0,20,7/19/17,0,0,0,0,0,0,0,4/29/16,13,9,4,64,1,0,64,20.667,0,1,1,0,0,0,0,"801 CO OP CITY BLVD,BRONX,NY,10475",2/1/21
1690,335292,PROMENADE REHABILITATION AND HEALTH CARE CENTER,140 BEACH 114TH STREET,ROCKAWAY PARK,NY,11694,7189454600,590,Queens,For profit - Corporation,240,170.4,,Medicare and Medicaid,N,"PROMENADE NURSING HOME, INC",2/12/70,N,,N,N,N,Resident,Yes,4,,4,,3,,5,,2,,2,,2,,,,2.24963,0.67139,0.68271,1.3541,3.60373,0.10151,2.02978,0.83076,0.64095,3.50149,2.28648,0.59875,0.41976,3.29137,1/31/20,1,1,0,4,1,0,4,5/22/18,2,1,1,8,1,0,8,4/24/17,6,4,2,24,1,0,24,8.667,5,0,0,0,0,0,0,"140 BEACH 114TH STREET,ROCKAWAY PARK,NY,11694",2/1/21
1216,335583,PROVIDENCE REST INC,3304 WATERBURY AVENUE,BRONX,NY,10465,7189313000,20,Bronx,Non profit - Corporation,200,134.4,,Medicare and Medicaid,N,PROVIDENCE REST,12/1/76,N,,N,N,N,Both,Yes,5,,4,,5,,5,,5,,2,,2,,,,2.6704,0.61978,0.5548,1.17458,3.84498,0.13623,2.13924,0.84626,0.53505,3.52056,2.57528,0.5426,0.40863,3.4927,1/13/20,3,3,0,12,1,0,12,4/13/18,0,0,0,0,0,0,0,1/9/17,2,2,0,8,1,0,8,7.333,0,0,0,0,0,0,0,"3304 WATERBURY AVENUE,BRONX,NY,10465",2/1/21
1667,335606,QUEEN OF PEACE RESIDENCE,110-30 221ST STREET,QUEENS VILLAGE,NY,11429,7184641800,590,Queens,Non profit - Corporation,53,50.7,,Medicare and Medicaid,N,HOME FOR THE AGED OF THE LITTLE SISTERS OF THE POOR,1/1/77,N,,N,N,N,Resident,Yes,5,,5,,4,,4,,,2,5,,5,,,,3.01666,0.04276,1.79914,1.8419,4.85856,0.07324,2.04874,0.70805,0.3286,3.08538,3.03772,0.04474,2.15771,5.0359,11/7/19,0,0,0,0,0,0,0,3/16/18,2,2,0,8,1,0,8,10/28/16,0,0,0,0,0,0,0,2.667,0,0,0,0,0,0,0,"110-30 221ST STREET,QUEENS VILLAGE,NY,11429",2/1/21
5904,335791,QUEENS BOULEVARD EXTENDED CARE FACILITY,61 11 QUEENS BOULEVARD,WOODSIDE,NY,11377,7182050288,590,Queens,For profit - Limited Liability company,280,215.4,,Medicare and Medicaid,N,QUEENS BOULEVARD EXTENDED CARE FACILITY MANAGEMENT LLC,12/29/95,N,,N,N,N,Both,Yes,4,,3,,5,,5,,5,,3,,4,,,,2.45422,0.41858,1.08335,1.50193,3.95615,0.08355,2.31302,0.86592,0.50807,3.68702,2.18898,0.35813,0.8403,3.43144,8/9/19,1,1,0,4,1,0,4,10/16/17,4,4,0,28,1,0,28,7/22/16,4,4,0,28,1,0,28,16,0,0,0,0,0,0,0,"61 11 QUEENS BOULEVARD,WOODSIDE,NY,11377",2/1/21
1702,335448,QUEENS NASSAU REHABILITATION AND NURSING CENTER,520 BEACH 19TH STREET,FAR ROCKAWAY,NY,11691,7184717400,590,Queens,For profit - Corporation,200,162,,Medicare and Medicaid,N,QUEENS NASSAU REHABILITATION & NURSING CENTER,5/1/76,N,,N,N,N,Resident,Yes,3,,3,,4,,5,,2,,3,,3,,,,2.50445,0.81137,0.66049,1.47186,3.97631,0.15526,2.18908,0.98172,0.49892,3.66972,2.36024,0.61232,0.52171,3.46517,2/19/20,1,0,0,16,0,0,16,8/28/18,4,4,0,20,1,0,20,4/7/17,1,1,0,4,1,0,4,15.333,0,0,1,0,0,0,0,"520 BEACH 19TH STREET,FAR ROCKAWAY,NY,11691",2/1/21
1223,335557,REBEKAH REHAB AND EXTENDED CARE CENTER,1072 HAVEMEYER AVENUE,BRONX,NY,10462,7188636200,20,Bronx,Non profit - Corporation,213,182.6,,Medicare and Medicaid,N,UNITED ODD FELLOW AND REBEKAH HOME,11/1/76,N,,N,N,N,Resident,Yes,3,,4,,4,,3,,5,,1,,1,,,,2.1088,0.8329,0.30754,1.14045,3.24924,0.07338,2.0687,0.82854,0.45532,3.35256,2.10302,0.74478,0.26618,3.09944,3/28/19,4,4,0,20,1,0,20,8/4/17,2,2,0,8,1,0,8,5/13/16,0,0,0,0,0,0,0,12.667,0,0,0,0,0,0,0,"1072 HAVEMEYER AVENUE,BRONX,NY,10462",2/1/21
7875,335820,REGAL HEIGHTS REHABILITATION AND HEALTH CARE CTR,70-05 35 AVENUE,JACKSON HEIGHTS,NY,11372,7186625100,590,Queens,For profit - Limited Liability company,280,229.6,,Medicare and Medicaid,N,"JACKSON HEIGHTS CARE CENTER, LLC",2/8/00,N,,N,N,N,Resident,Yes,5,,5,,5,,4,,5,,3,,3,,,,2.64663,0.14385,1.29933,1.44318,4.0898,0.11112,2.15047,0.92235,0.70209,3.77492,2.53901,0.11554,0.72932,3.46476,12/13/19,1,0,0,8,0,0,8,2/15/18,1,0,1,4,0,0,4,10/7/16,0,0,0,0,0,0,0,5.333,0,1,1,0,0,0,0,"70-05 35 AVENUE,JACKSON HEIGHTS,NY,11372",2/1/21
1242,335019,REGEIS CARE CENTER,3200 BAYCHESTER AVENUE,BRONX,NY,10475,7183203700,20,Bronx,For profit - Limited Liability company,236,173.3,,Medicare and Medicaid,N,REGEIS CARE CENTER,2/22/70,N,,N,N,N,Resident,Yes,4,,4,,4,,4,,5,,2,,2,,,,2.38106,0.75135,0.49131,1.24267,3.62373,0.20535,2.17571,1.03648,0.58652,3.7987,2.25775,0.53707,0.33012,3.05069,2/10/20,6,6,0,28,1,0,28,6/18/18,0,0,0,0,0,0,0,12/2/16,1,0,1,4,0,0,4,14.667,1,0,0,0,0,0,0,"3200 BAYCHESTER AVENUE,BRONX,NY,10475",2/1/21
1693,335379,REGO PARK NURSING HOME,111 26 CORONA AVENUE,FLUSHING,NY,11368,7185926400,590,Queens,For profit - Corporation,200,130.1,,Medicare and Medicaid,N,REGO PARK N H LTD,11/1/73,N,,N,N,N,Resident,Yes,1,,1,,3,,4,,2,,2,,2,,,,2.45683,0.51046,0.67192,1.18238,3.63921,0.06461,2.2845,0.88138,0.52184,3.68772,2.21866,0.42909,0.50742,3.15593,10/21/19,6,6,0,48,1,0,48,8/16/18,8,7,1,88,1,0,88,2/28/17,0,0,0,0,0,0,0,53.333,2,0,0,1,975,0,1,"111 26 CORONA AVENUE,FLUSHING,NY,11368",2/1/21
1694,335199,RESORT NURSING HOME,430 BEACH 68TH STREET,ARVERNE,NY,11692,7184745200,590,Queens,For profit - Individual,280,160.6,,Medicare and Medicaid,N,MICHAEL TENENBAUM,10/7/69,N,,N,N,N,Resident,Yes,2,,3,,1,,3,,1,,3,,4,,,,2.34066,0.26131,1.13135,1.39266,3.73332,0.07107,2.04438,0.77314,0.55957,3.37709,2.36202,0.2504,0.79676,3.53532,6/13/19,5,5,0,32,1,0,32,1/26/18,3,3,0,12,1,0,12,11/7/16,0,0,0,0,0,0,0,20,0,0,0,0,0,0,0,"430 BEACH 68TH STREET,ARVERNE,NY,11692",2/1/21
4823,335772,RICHMOND CTR FOR REHAB AND SPECIALTY HEALTHCARE,91 TOMPKINS AVENUE,STATEN ISLAND,NY,10304,7188761200,610,Richmond,For profit - Partnership,372,362.5,,Medicare and Medicaid,N,Legal Business Name Not Available,1/14/94,N,,N,N,N,Resident,Yes,2,,1,,5,,5,,3,,3,,2,,,,3.16066,0.99725,0.55845,1.5557,4.71636,0.02488,1.79435,0.69315,0.4514,2.9389,3.63394,1.06591,0.48754,5.13215,1/31/19,7,4,3,40,1,0,40,6/9/17,10,9,1,80,1,0,80,3/24/16,1,1,0,4,1,0,4,47.333,2,1,0,0,0,0,0,"91 TOMPKINS AVENUE,STATEN ISLAND,NY,10304",2/1/21
1666,335571,ROCKAWAY CARE CENTER,353 BEACH 48TH STREET,FAR ROCKAWAY,NY,11691,7184715000,590,Queens,For profit - Corporation,228,153.8,,Medicare and Medicaid,N,ROCKAWAY CARE CENTER LLC,11/1/76,N,,N,N,N,Resident,Yes,4,,4,,3,,5,,1,,2,,2,,,,2.16035,0.79002,0.54479,1.33481,3.49516,0.05996,1.8466,0.73943,0.52275,3.10877,2.41356,0.79157,0.4107,3.59547,2/8/19,0,0,0,0,0,0,0,6/9/17,1,1,0,8,1,0,8,3/28/16,5,5,0,20,1,0,20,6,0,0,0,0,0,0,0,"353 BEACH 48TH STREET,FAR ROCKAWAY,NY,11691",2/1/21
1316,335537,"RUTLAND NURSING HOME, INC",585 SCHENECTADY AVE,BROOKLYN,NY,11203,7186045221,331,Kings,Non profit - Corporation,538,390.5,,Medicare and Medicaid,Y,RUTLAND NURSING HOME INC,8/1/76,N,,N,N,N,Both,Yes,3,,2,,5,,5,,5,,3,,3,,,,2.56191,0.9148,0.93776,1.85256,4.41447,0.05025,2.19722,0.84248,0.5776,3.6173,2.40545,0.80448,0.63981,3.90275,2/10/20,6,6,0,28,1,0,28,5/11/18,4,4,0,20,1,0,20,2/27/17,7,7,0,36,1,0,36,26.667,0,0,0,0,0,0,0,"585 SCHENECTADY AVE,BROOKLYN,NY,11203",2/1/21
4418,335748,SAINTS JOACHIM & ANNE NURSING AND REHAB CENTER,2720 SURF AVENUE,BROOKLYN,NY,11224,7187144800,331,Kings,Non profit - Other,200,132.9,,Medicare and Medicaid,N,SAINTS JOACHIM & ANNE NURSING AND REHABILITATION CENTER,2/4/91,N,,N,N,N,Resident,Yes,4,,4,,4,,5,,4,,2,,2,,,,2.342,0.71268,0.6002,1.31288,3.65489,0.13454,2.25711,0.98247,0.70349,3.94307,2.14063,0.53743,0.33623,2.96426,9/15/20,1,1,0,4,1,0,4,9/14/18,5,2,3,20,1,0,20,1/18/17,1,1,0,4,1,0,4,9.333,3,0,0,0,0,0,0,"2720 SURF AVENUE,BROOKLYN,NY,11224",2/1/21
1680,335133,SAPPHIRE CTR FOR REHAB & NRSG OF CTRL QUEENS,35 15 PARSONS BLVD,FLUSHING,NY,11354,7189613500,590,Queens,For profit - Partnership,227,155.9,,Medicare and Medicaid,N,Legal Business Name Not Available,1/1/67,N,,N,N,N,Both,Yes,5,,4,,5,,5,,5,,2,,3,,,,2.10369,0.11338,0.95077,1.06415,3.16784,0.08767,2.238,1.00171,0.57489,3.81461,1.93922,0.08386,0.65175,2.65577,12/23/19,3,3,1,16,1,0,16,6/28/18,0,0,0,0,0,0,0,12/19/16,0,0,0,0,0,0,0,8,0,1,0,0,0,0,0,"35 15 PARSONS BLVD,FLUSHING,NY,11354",2/1/21
1224,335015,SCHERVIER NURSING CARE CENTER,2975 INDEPENDENCE AVE,BRONX,NY,10463,7185481700,20,Bronx,For profit - Corporation,366,293,,Medicare and Medicaid,N,RIVERDALE SNF LLC,1/1/67,N,,N,N,N,Both,Yes,5,,4,,5,,5,,5,,3,,3,,,,2.89166,0.81178,0.77741,1.58919,4.48085,0.07415,2.18415,0.85951,0.48783,3.53149,2.73131,0.69973,0.62802,4.0577,2/22/19,1,0,1,8,0,0,8,4/21/17,3,0,3,12,0,0,12,2/8/16,2,1,1,12,1,0,12,10,3,2,1,0,0,0,0,"2975 INDEPENDENCE AVE,BRONX,NY,10463",2/1/21
1376,335381,SCHULMAN AND SCHACHNE INST FOR NURSING & REHAB,555 ROCKAWAY PARKWAY,BROOKLYN,NY,11212,7182405775,331,Kings,Non profit - Corporation,448,335.5,,Medicare and Medicaid,Y,THE SCHULMAN AND SCHACHNE INSTITUTE FOR NURSING AND REHABILITATION INC,3/20/73,N,,N,N,N,Both,Yes,5,,5,,5,,5,,5,,2,,2,,,,2.04581,1.00034,0.64506,1.6454,3.69121,0.07056,1.91543,0.77095,0.50933,3.19571,2.20346,0.96131,0.49911,3.69385,12/24/19,1,1,0,4,1,0,4,2/6/18,1,1,0,4,1,0,4,9/30/16,0,0,0,0,0,0,0,3.333,0,0,0,0,0,0,0,"555 ROCKAWAY PARKWAY,BROOKLYN,NY,11212",2/1/21
1401,335411,SEA CREST NURSING AND REHABILITATION CENTER,3035 WEST 24TH ST,BROOKLYN,NY,11224,7183724500,331,Kings,For profit - Corporation,320,206.5,,Medicare and Medicaid,N,"SEA CREST ACQUISITION I, LLC",11/1/73,N,,N,N,N,Resident,Yes,5,,5,,4,,4,,5,,3,,4,,,,1.98571,0.08021,1.2243,1.30452,3.29023,0.06352,2.18124,0.87573,0.51922,3.57619,1.8781,0.06786,0.92923,2.94227,1/31/19,0,0,0,0,0,0,0,3/7/17,1,1,0,4,1,0,4,12/21/15,1,0,1,8,0,0,8,2.667,0,1,0,0,0,0,0,"3035 WEST 24TH ST,BROOKLYN,NY,11224",2/1/21
1749,335108,SEA VIEW HOSPITAL REHABILITATION CENTER AND HOME,460 BRIELLE AVE,STATEN ISLAND,NY,10314,7183173000,610,Richmond,Government - City,304,282,,Medicare and Medicaid,N,NEW YORK CITY HEALTH AND HOSPITALS CORPORATION,7/1/70,N,,N,N,N,Both,Yes,5,,4,,5,,5,,5,,4,,4,,,,3.16789,0.5226,1.15193,1.67453,4.84243,0.08689,2.26696,0.83812,0.44207,3.54716,2.88292,0.46196,1.02689,4.36576,1/31/20,2,2,0,8,1,0,8,4/13/18,3,3,0,12,1,0,12,1/26/17,1,0,1,4,0,0,4,8.667,0,1,0,0,0,0,0,"460 BRIELLE AVE,STATEN ISLAND,NY,10314",2/1/21
1373,335513,SEAGATE REHABILITATION AND NURSING CENTER,3015 W 29 ST,BROOKLYN,NY,11224,7182665700,331,Kings,For profit - Corporation,360,277.7,,Medicare and Medicaid,N,SHOREFRONT OPERATING LLC,1/1/76,N,,N,N,N,None,Yes,3,,3,,5,,5,,5,,1,,1,,,,2.26065,0.63051,0.3212,0.95171,3.21236,0.19051,2.3649,0.95619,0.47645,3.79754,1.97209,0.48853,0.26567,2.7052,11/8/19,4,3,1,20,1,0,20,2/16/18,3,3,0,24,1,0,24,9/30/16,3,3,0,16,1,0,16,20.667,1,0,0,0,0,0,0,"3015 W 29 ST,BROOKLYN,NY,11224",2/1/21
1398,335677,SHEEPSHEAD NURSING & REHABILITATION CENTER,2840 KNAPP ST,BROOKLYN,NY,11235,7186465700,331,Kings,For profit - Corporation,200,154.3,,Medicare and Medicaid,N,SHEEPSHEAD NURSING AND REHABILITATION CENTER LLC,5/1/85,N,,N,N,N,Both,Yes,5,,4,,5,,4,,5,,2,,2,,,,2.52244,0.71052,0.67839,1.38891,3.91135,0.10258,2.20865,0.92196,0.55975,3.69035,2.35614,0.57097,0.47761,3.38951,10/10/19,4,4,0,20,1,0,20,12/11/17,1,1,0,4,1,0,4,9/2/16,1,1,0,4,1,0,4,12,0,0,0,0,0,0,0,"2840 KNAPP ST,BROOKLYN,NY,11235",2/1/21
1399,335288,SHORE VIEW NURSING  & REHABILITATION CENTER,2865 BRIGHTON 3RD STREET,BROOKLYN,NY,11235,7188914400,331,Kings,For profit - Corporation,320,234.2,,Medicare and Medicaid,N,SHORE VIEW ACQUISITION I LLC,1/1/78,N,,N,N,N,Both,Yes,5,,5,,5,,5,,5,,3,,4,,,,1.94614,0.11695,1.20906,1.32601,3.27215,0.06741,2.26155,0.92648,0.51217,3.7002,1.77531,0.09352,0.9303,2.82804,6/17/19,0,0,0,0,0,0,0,9/28/17,1,1,0,4,1,0,4,6/30/16,1,1,0,4,1,0,4,2,0,0,0,0,0,0,0,"2865 BRIGHTON 3RD STREET,BROOKLYN,NY,11235",2/1/21
1753,335196,SILVER LAKE SPECIALIZED REHAB AND CARE CENTER,275 CASTLETON AVENUE,STATEN ISLAND,NY,10301,7184477800,610,Richmond,For profit - Limited Liability company,278,175.7,,Medicare and Medicaid,N,SILVER LAKE SPECIALIZED,1/1/71,N,,N,N,N,Both,Yes,2,,1,,5,,5,,3,,2,,2,,,,2.68824,0.5286,0.92924,1.45784,4.14608,0.03197,2.09313,0.88834,0.77591,3.75738,2.64959,0.44085,0.47196,3.52883,9/13/19,4,4,0,20,1,0,20,7/16/18,12,12,0,100,2,50,150,8/25/17,1,0,1,4,0,0,4,60.667,0,2,0,1,11011,0,1,"275 CASTLETON AVENUE,STATEN ISLAND,NY,10301",2/1/21
4407,335724,SILVERCREST,144 45 87TH AVENUE,JAMAICA,NY,11435,7184804026,590,Queens,Non profit - Corporation,320,268.4,,Medicare and Medicaid,N,THE SILVERCREST CENTER FOR NURSING AND REHABILITATION,12/26/90,N,,N,N,N,Both,Yes,4,,4,,4,,5,,3,,2,,2,,,,2.49166,0.44102,1.13799,1.57901,4.07067,0.06368,2.36111,0.90192,1.05174,4.31478,2.1771,0.36227,0.4264,3.01707,9/22/20,2,1,1,8,1,0,8,9/13/18,4,4,1,16,1,0,16,1/9/17,0,0,0,0,0,0,0,9.333,3,0,0,1,13507,0,1,"144 45 87TH AVENUE,JAMAICA,NY,11435",2/1/21
1243,335321,SPLIT ROCK REHABILITION AND HEALTH CARE CENTER,3525 BAYCHESTER AVE,BRONX,NY,10466,7187988900,20,Bronx,For profit - Individual,240,207.3,,Medicare and Medicaid,N,"SPLIT ROCK REHABILITATION & HEALTH CARE CENTER, LLC",3/5/71,N,,N,N,N,Resident,Yes,3,,2,,5,,5,,5,,2,,2,,,,2.16814,0.65721,0.76605,1.42326,3.59141,0.10343,2.16174,1.07343,0.80565,4.04083,2.06914,0.4536,0.37471,2.84231,8/20/19,7,7,0,44,1,0,44,11/9/17,2,1,1,8,1,0,8,8/12/16,5,5,0,28,1,0,28,29.333,2,0,0,0,0,0,0,"3525 BAYCHESTER AVE,BRONX,NY,10466",2/1/21
1400,335125,SPRING CREEK REHABILITATION & NURSING CARE CENTER,660 LOUISIANA AVE,BROOKLYN,NY,11239,7186697100,331,Kings,For profit - Limited Liability company,188,156.3,,Medicare and Medicaid,N,WILLOUGHBY REHABILITATION AND HEALTH CARE CENTER LLC,1/1/67,N,,N,N,N,Resident,Yes,2,,2,,5,,5,,4,,1,,1,,,,2.21069,0.72395,0.40654,1.13048,3.34118,0.10992,2.32598,1.01157,0.52371,3.86126,1.96078,0.53022,0.30591,2.76725,12/16/19,3,3,0,12,1,0,12,9/27/18,10,10,0,56,1,0,56,1/18/17,0,0,0,0,0,0,0,24.667,0,0,0,0,0,0,0,"660 LOUISIANA AVE,BROOKLYN,NY,11239",2/1/21
4533,335762,ST MARYS CENTER INC,516 WEST 126TH STREET,NEW YORK,NY,10027,2126621826,420,New York,Non profit - Corporation,40,31.1,,Medicare and Medicaid,N,ST. MARYS CENTER INC,8/31/92,N,,N,N,N,Both,Yes,5,,4,,4,,4,,,2,5,,5,,,,2.47948,0.65945,0.87417,1.53362,4.0131,0.08942,1.44957,0.59142,0.31172,2.35271,3.52879,0.82609,1.10517,5.45492,9/12/19,4,4,0,28,1,0,28,2/16/18,0,0,0,0,0,0,0,3/7/17,1,1,0,4,1,0,4,14.667,0,0,0,0,0,0,0,"516 WEST 126TH STREET,NEW YORK,NY,10027",2/1/21
#N/A,33A081,ST MARYS HOSPITAL FOR CHILDREN,29 01 216 STREET,BAYSIDE,NY,11360,7182818800,590,Queens,Non profit - Corporation,124,123.1,,Medicaid,N,Legal Business Name Not Available,3/31/74,N,,N,N,N,Both,Yes,5,,5,,5,,5,,,2,5,,5,,,,4.91056,0.23241,4.93347,5.16588,10.07644,0.41144,2.39975,1.01652,1.11666,4.53294,4.22154,0.16939,1.74108,7.10894,3/29/19,0,0,0,0,0,0,0,11/22/17,1,1,0,4,1,0,4,8/26/16,0,0,0,0,0,0,0,1.333,0,0,0,0,0,0,0,"29 01 216 STREET,BAYSIDE,NY,11360",2/1/21
1217,335011,ST PATRICKS HOME,66 VAN CORTLANDT PARK SOUTH,BRONX,NY,10463,7185192800,20,Bronx,Non profit - Church related,264,167,,Medicare and Medicaid,N,ST.  PATRICK'S HOME FOR THE AGED AND INFIRM,1/1/67,N,,N,N,N,Resident,Yes,4,,3,,5,,4,,5,,3,,3,,,,2.54623,0.5889,0.70778,1.29668,3.84291,0.07201,2.13679,0.80114,0.4248,3.36272,2.45834,0.54461,0.6566,3.65465,9/23/19,7,7,0,32,1,0,32,2/28/18,0,0,0,0,0,0,0,10/25/16,5,5,0,20,1,0,20,19.333,0,0,0,0,0,0,0,"66 VAN CORTLANDT PARK SOUTH,BRONX,NY,10463",2/1/21
4543,335763,ST VINCENT DEPAUL RESIDENCE,900 INTERVALE AVENUE,BRONX,NY,10459,7185896965,20,Bronx,Non profit - Corporation,200,92.8,,Medicare and Medicaid,N,ST VINCENT DE PAUL RESIDENCE,10/29/92,N,,N,N,N,Both,Yes,5,,5,,5,,5,,5,,,12,,12,,,1.23841,0.05,0.76664,0.81665,2.05506,0.06726,2.16523,0.84889,0.45364,3.46776,1.17996,0.04364,0.66599,1.89519,3/4/19,0,0,0,0,0,0,0,3/15/17,1,1,0,4,1,0,4,1/15/16,1,1,0,4,1,0,4,2,0,0,0,0,0,0,0,"900 INTERVALE AVENUE,BRONX,NY,10459",2/1/21
1756,335561,STATEN ISLAND CARE CENTER,200 LAFAYETTE AVENUE,STATEN ISLAND,NY,10301,7184489000,610,Richmond,For profit - Limited Liability company,300,221.8,,Medicare and Medicaid,N,STATEN ISLAND CARE CENTER,11/1/76,N,,N,N,N,Resident,Yes,3,,3,,5,,5,,4,,1,,1,,,,1.91431,0.82991,0.4151,1.24501,3.15931,0.10318,2.01333,0.94557,0.54542,3.50431,1.96157,0.65026,0.29992,2.88315,6/27/19,3,2,1,12,1,0,12,5/22/18,6,6,0,28,1,0,28,12/23/16,6,5,1,36,1,0,36,21.333,3,1,0,0,0,0,0,"200 LAFAYETTE AVENUE,STATEN ISLAND,NY,10301",2/1/21
3089,335665,TERENCE CARDINAL COOKE HEALTH CARE CENTER,1249 FIFTH AVENUE,NEW YORK,NY,10029,2123601000,420,New York,Non profit - Church related,679,480.2,,Medicare and Medicaid,N,TERENCE CARDINAL COOKE HEALTH CARE CENTER,8/17/83,N,,N,N,N,Both,Yes,2,,1,,5,,5,,5,,3,,3,,,,2.58165,0.50006,0.70885,1.20891,3.79056,0.07255,2.00353,0.74702,0.38317,3.13372,2.65832,0.49595,0.72904,3.8683,1/31/20,12,11,3,64,1,0,64,4/23/18,0,0,0,0,0,0,0,11/23/16,13,9,4,56,1,0,56,41.333,0,6,1,0,0,0,0,"1249 FIFTH AVENUE,NEW YORK,NY,10029",2/1/21
1383,335290,THE CHATEAU AT BROOKLYN REHAB AND NURSING CENTER,3457 NOSTRAND AVENUE,BROOKLYN,NY,11229,7185355100,331,Kings,For profit - Limited Liability company,189,143.9,,Medicare and Medicaid,N,CNH OPERATING LLC,8/1/69,N,,N,N,N,Both,Yes,4,,3,,5,,5,,4,,3,,3,,,,2.10083,0.63949,0.67249,1.31198,3.41281,0.06882,2.12299,0.84728,0.48716,3.45743,2.0415,0.55918,0.54401,3.15672,6/24/19,5,5,0,32,1,0,32,5/31/18,2,0,2,8,0,0,8,12/19/16,3,3,0,16,1,0,16,21.333,0,1,0,0,0,0,0,"3457 NOSTRAND AVENUE,BROOKLYN,NY,11229",2/1/21
1234,335028,THE CITADEL REHAB AND NURSING CTR AT KINGSBRIDGE,3400 -26  CANNON PLACE,BRONX,NY,10463,7187968100,20,Bronx,For profit - Corporation,400,281.5,,Medicare and Medicaid,N,"HIGHLAND VIEW CARE CENTER OPERATING CO., LLC",1/1/67,N,,N,N,N,Resident,Yes,2,,1,,5,,5,,4,,2,,2,,,,2.16355,0.5809,0.53067,1.11157,3.27512,0.06259,2.0549,0.85276,0.46141,3.36907,2.17211,0.50469,0.45324,3.10882,8/30/19,3,2,1,12,1,0,12,11/17/17,2,2,0,8,1,0,8,8/1/16,12,12,0,293,1,0,293,57.5,1,0,0,0,0,0,0,"3400 -26  CANNON PLACE,BRONX,NY,10463",2/1/21
1675,335130,THE GRAND REHABILITATION AND NURSING AT QUEENS,157 15 19TH AVENUE,WHITESTONE,NY,11357,7187460400,590,Queens,For profit - Corporation,179,154,,Medicare and Medicaid,N,CLEARVIEW OPERATING CO. LLC,1/1/67,N,,N,N,N,Resident,Yes,5,,4,,5,,5,,3,,2,,2,,,,1.97475,0.7953,0.45456,1.24986,3.22461,0.12092,2.35862,0.85848,0.4952,3.7123,1.72728,0.68635,0.36174,2.77787,2/10/20,2,2,0,12,1,0,12,6/11/18,0,0,0,0,0,0,0,12/2/16,3,3,0,12,1,0,12,8,0,0,0,0,0,0,0,"157 15 19TH AVENUE,WHITESTONE,NY,11357",2/1/21
1393,335104,THE HERITAGE REHABILITATION AND HEALTH CARE CENTER,5606 15TH AVE,BROOKLYN,NY,11219,7188511000,331,Kings,For profit - Corporation,79,70.4,,Medicare and Medicaid,N,PALM TREE CARE CENTER LLC,1/1/67,N,,N,N,N,Both,Yes,4,,4,,4,,4,,4,,2,,2,,,,2.03804,0.56474,0.5613,1.12604,3.16408,0.1182,2.20246,0.89817,0.50534,3.60596,1.90902,0.46584,0.43773,2.8061,5/31/19,3,3,0,20,1,0,20,12/29/17,1,1,0,4,1,0,4,11/14/16,1,1,0,4,1,0,4,12,0,0,0,0,0,0,0,"5606 15TH AVE,BROOKLYN,NY,11219",2/1/21
1603,335491,"THE NEW JEWISH HOME, MANHATTAN",120 WEST 106TH STREET,NEW YORK,NY,10025,2128705000,420,New York,Non profit - Corporation,514,423.2,,Medicare and Medicaid,N,"JEWISH HOME LIFECARE, MANHATTAN",4/1/76,N,,N,N,N,Both,Yes,2,,1,,5,,5,,5,,2,,2,,,,2.39645,0.64825,0.65483,1.30308,3.69954,0.13476,2.21963,0.9397,0.5158,3.67513,2.22738,0.51109,0.5003,3.21923,7/26/19,10,9,1,52,1,0,52,11/22/17,10,3,7,56,1,0,56,8/26/16,4,4,0,16,1,0,16,47.333,2,2,0,0,0,0,0,"120 WEST 106TH STREET,NEW YORK,NY,10025",2/1/21
7298,335804,THE PAVILION AT QUEENS FOR REHABILITATION & NRSING,36 17 PARSONS BOULEVARD,FLUSHING,NY,11354,7189614300,590,Queens,For profit - Partnership,302,248.2,,Medicare and Medicaid,N,KENNEDY PAVILION RH LLC,12/29/97,N,,N,N,N,Resident,Yes,4,,4,,5,,4,,5,,1,,1,,,,2.38237,0.71959,0.62497,1.34457,3.72694,0.08851,2.24535,1.01125,0.77876,4.03536,2.18893,0.5272,0.31626,2.95357,1/22/20,1,1,0,16,1,0,16,5/11/18,1,1,0,4,1,0,4,8/31/17,0,0,0,0,0,0,0,9.333,0,0,0,0,0,0,0,"36 17 PARSONS BOULEVARD,FLUSHING,NY,11354",2/1/21
1405,335516,THE PHOENIX REHABILITATION AND NURSING CENTER,140 ST EDWARDS STREET,BROOKLYN,NY,11201,7188586400,331,Kings,For profit - Corporation,400,265.4,,Medicare and Medicaid,N,ATLANTIS OPERATING LLC,6/1/76,N,,N,N,N,Both,Yes,3,,2,,5,,5,,5,,2,,2,,,,2.33437,0.63196,0.42349,1.05544,3.38981,0.08333,2.10799,0.86689,0.48796,3.46283,2.28458,0.5401,0.34202,3.13056,10/30/19,5,4,0,40,1,0,40,1/30/18,7,6,1,32,1,0,32,9/23/16,5,3,2,24,1,0,24,34.667,0,2,1,0,0,0,0,"140 ST EDWARDS STREET,BROOKLYN,NY,11201",2/1/21
1225,335462,THE PLAZA REHAB AND NURSING CENTER,100 WEST KINGSBRIDGE ROAD,BRONX,NY,10468,7184101500,20,Bronx,For profit - Partnership,816,598.3,,Medicare and Medicaid,N,"TCPRNC, LLC",1/1/76,N,,N,N,N,Resident,Yes,3,,3,,4,,4,,5,,2,,2,,,,2.01617,0.58313,0.48633,1.06946,3.08563,0.07844,2.12788,0.89255,0.49741,3.51784,1.95473,0.48404,0.38531,2.80508,10/9/20,4,4,0,28,1,0,28,6/28/18,0,0,0,0,0,0,0,1/9/17,7,0,7,36,0,0,36,20,2,2,0,0,0,0,0,"100 WEST KINGSBRIDGE ROAD,BRONX,NY,10468",2/1/21
1370,335334,THE RIVERSIDE,150 RIVERSIDE DRIVE,NEW YORK,NY,10024,6465053500,420,New York,For profit - Individual,520,424.2,,Medicare and Medicaid,N,150 RIVERSIDE OP LLC,9/19/71,N,,Y,N,N,Both,Yes,2,,1,,5,,5,,5,,1,,1,,,,1.96482,0.70431,0.29572,1.00003,2.96484,0.1113,2.11662,0.89446,0.49848,3.50956,1.91508,0.58338,0.23378,2.70164,11/9/20,5,1,0,48,1,0,48,5/23/19,20,18,8,140,1,0,140,5/22/18,4,4,0,16,1,0,16,73.333,0,4,4,1,47954,0,1,"150 RIVERSIDE DRIVE,NEW YORK,NY,10024",2/1/21
4814,335771,THROGS NECK REHABILITATION & NURSING CENTER,707 THROGS NECK EXPRESSWAY,BRONX,NY,10465,7184300003,20,Bronx,For profit - Corporation,205,165.1,,Medicare and Medicaid,N,THROGS NECK OPERATING CO LLC,12/31/93,N,,N,N,N,Both,Yes,5,,5,,5,,5,,5,,1,,1,,,,1.89932,0.70987,0.36986,1.07973,2.97905,0.11618,2.16764,0.89879,0.54749,3.61392,1.80767,0.58515,0.26623,2.6362,2/22/19,2,2,0,8,1,0,8,5/15/17,0,0,0,0,0,0,0,2/29/16,0,0,0,0,0,0,0,4,0,0,0,0,0,0,0,"707 THROGS NECK EXPRESSWAY,BRONX,NY,10465",2/1/21
1249,335445,TRIBORO CENTER FOR REHABILITATION AND NURSING,1160 TELLER AVE,BRONX,NY,10456,7182931500,20,Bronx,For profit - Corporation,515,382.8,,Medicare and Medicaid,N,DOJ OPERATIONS ASSOCIATES LLC,3/1/76,N,,N,N,N,Both,Yes,4,,4,,3,,5,,2,,2,,2,,,,2.43532,0.87278,0.60204,1.47482,3.91014,0.09157,2.24695,0.98514,0.61815,3.85024,2.23598,0.65638,0.38381,3.24774,8/20/19,0,0,0,0,0,0,0,9/18/17,5,5,0,16,1,0,16,6/24/16,8,8,0,52,1,0,52,14,0,0,0,0,0,0,0,"1160 TELLER AVE,BRONX,NY,10456",2/1/21
6037,335799,UNION PLAZA CARE CENTER,33 23 UNION STREET,FLUSHING,NY,11354,7186700700,590,Queens,For profit - Corporation,280,207.6,,Medicare and Medicaid,N,UNION PLAZA NURSING HOME INC,8/28/96,N,,N,N,N,Both,Yes,4,,3,,5,,5,,5,,2,,2,,,,2.17879,0.61433,0.57401,1.18833,3.36712,0.12696,2.23239,0.90775,0.55008,3.69022,2.01349,0.5014,0.41122,2.91799,3/11/20,4,3,1,32,1,0,32,7/25/18,0,0,0,0,0,0,0,2/17/17,1,1,0,4,1,0,4,16.667,2,0,1,0,0,0,0,"33 23 UNION STREET,FLUSHING,NY,11354",2/1/21
1244,335061,UNIVERSITY CENTER FOR REHABILITATION AND NURSING,2505 GRAND AVE,BRONX,NY,10468,7182951400,20,Bronx,For profit - Individual,46,43.6,,Medicare and Medicaid,N,UNIVERSITY NURSING HOME LLC,4/23/69,N,,N,N,N,Resident,Yes,5,,4,,5,,5,,5,,3,,3,,,,2.21289,0.68713,0.84475,1.53187,3.74476,0.15861,2.25892,0.91915,0.4799,3.65797,2.021,0.55385,0.69369,3.27387,1/22/20,1,1,0,4,1,0,4,7/23/18,2,2,0,20,1,0,20,5/5/17,1,1,0,0,0,0,0,8.667,0,0,0,0,0,0,0,"2505 GRAND AVE,BRONX,NY,10468",2/1/21
1582,335232,UPPER EAST SIDE REHABILITATION AND NURSING CENTER,211 EAST 79 ST,NEW YORK,NY,10021,2128791600,420,New York,For profit - Corporation,449,391.2,,Medicare and Medicaid,N,DEWITT REHABILITATION AND NURSING CENTER INC,7/1/67,N,,N,N,N,Both,Yes,5,,4,,5,,5,,5,,3,,4,,,,2.07623,0.03735,1.33537,1.37272,3.44895,0.07591,2.35506,0.95295,0.53687,3.84487,1.81878,0.02904,0.98022,2.86868,3/5/19,1,1,0,4,1,0,4,7/11/17,0,0,0,0,0,0,0,4/15/16,5,2,3,52,1,0,52,10.667,2,0,0,1,7023,0,1,"211 EAST 79 ST,NEW YORK,NY,10021",2/1/21
1754,335273,VERRAZANO NURSING HOME,100 CASTLETON AVENUE,STATEN ISLAND,NY,10301,7182731300,610,Richmond,For profit - Corporation,120,83.7,,Medicare and Medicaid,N,Legal Business Name Not Available,1/1/70,N,,N,N,N,Both,Yes,5,,4,,5,,5,,4,,2,,2,,,,2.15909,0.72681,0.43202,1.15883,3.31792,0.11024,2.02742,0.75316,0.3658,3.14638,2.19701,0.71495,0.46543,3.37234,1/13/20,0,0,0,0,0,0,0,12/11/18,7,5,2,32,1,0,32,2/16/17,3,3,0,16,1,0,16,13.333,3,1,0,0,0,0,0,"100 CASTLETON AVENUE,STATEN ISLAND,NY,10301",2/1/21
1599,335027,VILLAGE CARE REHABILITATION AND NURSING CENTER,214 W HOUSTON STREET,NEW YORK,NY,10014,2123379400,420,New York,Non profit - Corporation,105,76.8,,Medicare and Medicaid,N,VILLAGE CENTER FOR CARE,1/1/67,N,,N,N,N,Resident,Yes,5,,4,,5,,5,,5,,5,,5,,,,3.79793,1.1923,1.48446,2.67676,6.47469,0.22033,2.06796,0.87335,0.51366,3.45498,3.78888,1.01144,1.13888,5.9931,10/29/19,1,1,0,4,2,2,6,3/27/18,2,0,2,8,0,0,8,11/7/16,4,2,2,16,1,0,16,8.333,0,3,0,0,0,0,0,"214 W HOUSTON STREET,NEW YORK,NY,10014",2/1/21
1677,335154,WATERVIEW NURSING CARE CENTER,119 15 27TH AVENUE,FLUSHING,NY,11354,7184615000,590,Queens,For profit - Corporation,200,141.9,,Medicare and Medicaid,N,"WATERVIEW NURSING CARE CENTER, INC.",7/13/68,N,,N,N,N,Resident,Yes,5,,4,,5,,5,,3,,2,,2,,,,1.86901,0.68873,0.32261,1.01134,2.88034,0.03265,2.00725,0.73944,0.35689,3.10359,1.92094,0.69006,0.35623,2.96796,1/3/20,0,0,0,0,0,0,0,3/16/18,2,1,1,4,0,0,4,11/23/16,10,10,0,40,1,0,40,8,1,0,0,0,0,0,0,"119 15 27TH AVENUE,FLUSHING,NY,11354",2/1/21
1257,335495,WAYNE CENTER FOR NURSING & REHABILITATION,3530 WAYNE AVENUE,BRONX,NY,10467,7186551700,20,Bronx,For profit - Corporation,243,203.6,,Medicare and Medicaid,N,WAYNE CENTER FOR NURSING AND REHABILITATION,7/1/76,N,,N,N,N,Resident,Yes,5,,4,,5,,5,,4,,2,,2,,,,2.22235,0.44573,0.97272,1.41845,3.6408,0.13822,2.2559,0.95913,0.8741,4.08912,2.03236,0.3443,0.43855,2.84737,1/13/20,2,2,0,8,1,0,8,5/31/18,0,0,0,0,0,0,0,12/12/16,4,4,0,16,1,0,16,6.667,0,0,0,0,0,0,0,"3530 WAYNE AVENUE,BRONX,NY,10467",2/1/21
1726,335737,"WEST LAWRENCE CARE CENTER, L L C",1410 SEAGIRT BLVD,FAR ROCKAWAY,NY,11691,7184717000,590,Queens,For profit - Corporation,215,160.1,,Medicare and Medicaid,N,WEST LAWRENCE CARE CENTER LLC,5/13/92,N,,N,Y,N,Resident,Yes,2,,1,,5,,5,,5,,1,,1,,,,1.56574,0.48539,0.2654,0.75079,2.31653,0.05924,2.10709,0.89468,0.52277,3.52454,1.533,0.40195,0.20007,2.1019,1/15/19,5,5,0,20,1,0,20,8/4/17,3,1,2,12,1,0,12,6/23/16,8,8,0,265,2,133,398,80.333,0,0,0,0,0,0,0,"1410 SEAGIRT BLVD,FAR ROCKAWAY,NY,11691",2/1/21
1247,335048,WILLIAMSBRIDGE CENTER FOR REHABILITATION AND NRSG,1540 TOMLINSON AVENUE,BRONX,NY,10461,7188926600,20,Bronx,For profit - Corporation,77,69.3,,Medicare and Medicaid,N,"WILLIAMSBRIDGE MANOR NURSING HOME, LLC",5/16/69,N,,N,N,N,Resident,Yes,1,,1,,2,,4,,1,,2,,2,,,,2.03487,0.65333,0.47849,1.13182,3.16669,0.29952,2.01037,0.86792,0.46835,3.34664,2.08818,0.5577,0.40261,3.02604,10/18/19,2,2,1,8,1,0,8,8/28/18,10,6,4,107,1,0,107,6/19/17,5,5,0,32,1,0,32,45,1,2,0,1,8297,0,1,"1540 TOMLINSON AVENUE,BRONX,NY,10461",2/1/21
1699,335155,WINDSOR PARK REHAB & NURSING CENTER,212 40 HILLSIDE AVENUE,QUEENS VILLAGE,NY,11427,7184680800,590,Queens,For profit - Corporation,70,65.1,,Medicare and Medicaid,N,"WINDSOR PARK NURSING HOME, INC.",7/13/67,N,,N,N,N,Both,Yes,4,,5,,1,,3,,1,,2,,3,,,,2.12241,0.61882,0.70665,1.32547,3.44788,0.08478,2.29745,0.98472,0.54,3.82217,1.90585,0.46558,0.51571,2.88483,10/29/19,0,0,0,0,0,0,0,3/27/18,1,1,0,8,1,0,8,5/16/17,3,3,0,16,1,0,16,5.333,0,0,0,0,0,0,0,"212 40 HILLSIDE AVENUE,QUEENS VILLAGE,NY,11427",2/1/21
1700,335266,"WOODCREST REHAB & RESIDENTIAL H C CENTER, L L C",119 09 26TH AVENUE,FLUSHING,NY,11354,7187626100,590,Queens,For profit - Partnership,200,139.8,,Medicare and Medicaid,N,WOODCREST REHABILITATION AND RESIDENTIAL HEALTH CARE CENTER LLC,6/15/70,N,,N,N,N,Resident,Yes,2,,2,,3,,4,,2,,3,,3,,,,2.37012,0.54773,0.51672,1.06445,3.43457,0.16197,2.0554,0.75137,0.37292,3.17969,2.37893,0.54008,0.54604,3.45434,2/10/20,6,6,0,28,1,0,28,6/8/18,5,5,0,36,1,0,36,11/16/16,5,5,0,20,1,0,20,29.333,0,0,0,0,0,0,0,"119 09 26TH AVENUE,FLUSHING,NY,11354",2/1/21
1219,335227,WORKMENS CIRCLE MULTICARE CENTER,3155 GRACE AVENUE,BRONX,NY,10469,7183798100,20,Bronx,For profit - Corporation,524,448.7,,Medicare and Medicaid,N,"JOPAL BRONX, LLC",5/1/67,N,,N,Y,N,Both,Yes,4,,4,,4,,4,,5,,2,,3,,,,2.11914,0.14404,0.89183,1.03587,3.15501,0.08565,2.09902,0.87203,0.50572,3.47677,2.08281,0.12238,0.69496,2.90203,12/20/18,2,2,0,8,1,0,8,2/27/17,1,0,1,4,0,0,4,12/10/15,3,0,3,12,0,0,12,7.333,2,2,0,0,0,0,0,"3155 GRACE AVENUE,BRONX,NY,10469",2/1/21